timestamp,label,elapsed_s,pkg_watt,pkg_temp_c,avg_mhz,cputin_c,systin_c,fan1_rpm,fan2_rpm,gpu_temp_c,gpu_watt,gpu_mhz,gpu_util_pct,loadavg1
2026-07-22T15:59:00+02:00,s0_idle,2,12.9,47,722,47,38,1461,1646,39,8.12,210,0,7.79
2026-07-22T15:59:02+02:00,s0_idle,5,34.1,48,781,47,38,1488,1656,39,8.23,210,0,7.79
2026-07-22T15:59:04+02:00,s0_idle,7,11.1,48,745,47,38,1483,1693,39,8.12,210,0,7.41
2026-07-22T15:59:06+02:00,s0_idle,9,21.6,49,1195,47,38,1459,1658,39,8.16,210,0,7.41
2026-07-22T15:59:09+02:00,s0_idle,11,16.7,48,731,47,38,1450,1719,39,8.19,210,0,6.97
2026-07-22T15:59:11+02:00,s0_idle,14,13.1,48,1199,47,38,1483,1644,39,8.27,210,0,6.97
2026-07-22T15:59:13+02:00,s0_idle,16,14.9,48,1152,47,38,1448,1640,39,8.27,210,0,6.97
2026-07-22T15:59:15+02:00,s0_idle,18,35.7,59,1193,47,38,1454,1687,39,8.18,210,0,6.49
2026-07-22T15:59:18+02:00,s0_idle,20,15.8,48,944,47,38,1493,1755,39,8.20,210,0,6.49
2026-07-22T15:59:20+02:00,s0_idle,23,17.2,48,711,47,38,1468,1683,39,8.30,210,0,6.13
2026-07-22T15:59:22+02:00,s0_idle,25,22.1,48,845,47,38,1481,1679,39,8.18,210,0,6.13
2026-07-22T15:59:24+02:00,s0_idle,27,13.1,51,1151,47,38,1442,1614,39,8.20,210,0,5.80
2026-07-22T15:59:27+02:00,s0_idle,29,15.1,48,963,47,38,1459,1616,39,8.20,210,0,5.80
2026-07-22T15:59:29+02:00,s0_idle,32,17.9,49,709,47,38,1478,1626,39,8.26,210,0,7.50
2026-07-22T15:59:31+02:00,s0_idle,34,12.3,48,853,47,38,1462,1652,39,8.34,210,0,7.50
2026-07-22T15:59:33+02:00,s0_idle,36,13.6,48,746,47,38,1431,1648,39,8.35,210,0,7.50
2026-07-22T15:59:36+02:00,s0_idle,38,17.1,48,715,47,38,1453,1652,39,8.26,210,0,8.82
2026-07-22T15:59:38+02:00,s0_idle,41,13.9,48,1085,47,38,1481,1605,39,8.32,210,0,8.82
2026-07-22T15:59:40+02:00,s0_idle,43,13.5,47,707,47,38,1462,1640,39,8.28,210,0,10.04
2026-07-22T15:59:43+02:00,s0_idle,45,12.7,48,743,47,38,1477,1644,39,8.22,210,0,10.04
2026-07-22T15:59:45+02:00,s0_idle,48,13.8,57,1150,47,38,1457,1648,39,8.26,210,0,11.08
2026-07-22T15:59:47+02:00,s0_idle,50,28.4,48,827,47,38,1457,1706,39,8.35,210,0,11.08
2026-07-22T15:59:49+02:00,s0_idle,52,15.0,47,690,47,38,1439,1695,39,8.27,210,0,12.51
2026-07-22T15:59:52+02:00,s0_idle,54,18.2,48,670,47,38,1470,1612,39,8.26,210,0,12.51
2026-07-22T15:59:54+02:00,s0_idle,57,17.2,49,692,47,38,1454,1612,39,8.14,210,0,13.43
2026-07-22T15:59:56+02:00,s0_idle,59,14.2,70,1197,47,38,1457,1630,39,8.16,210,0,13.43
2026-07-22T15:59:58+02:00,s0_idle,61,15.6,47,719,47,38,1464,1648,39,8.13,210,0,13.43
2026-07-22T16:00:01+02:00,s0_idle,63,20.2,49,754,47,38,1468,1650,39,8.24,210,0,12.52
2026-07-22T16:00:03+02:00,s0_idle,66,18.7,65,954,47,38,1483,1704,39,8.26,210,0,12.52
2026-07-22T16:00:05+02:00,s0_idle,68,25.2,49,860,47,38,1483,1741,39,8.31,210,0,11.83
2026-07-22T16:00:07+02:00,s0_idle,70,20.0,56,1132,47,38,1462,1646,39,8.25,210,0,11.83
2026-07-22T16:00:10+02:00,s0_idle,72,16.5,47,735,47,38,1483,1693,39,8.29,210,0,11.05
2026-07-22T16:00:12+02:00,s0_idle,75,10.0,48,681,47,38,1483,1567,39,8.30,210,0,11.05
2026-07-22T16:00:14+02:00,s0_idle,77,12.7,48,696,47,38,1465,1599,39,8.40,210,0,10.24
2026-07-22T16:00:17+02:00,s0_idle,79,14.1,48,953,47,37,1480,1632,39,8.22,210,0,10.24
2026-07-22T16:00:19+02:00,s0_idle,82,28.6,48,733,47,38,1472,1704,39,8.16,210,0,9.58
2026-07-22T16:00:21+02:00,s0_idle,84,16.3,48,836,47,38,1468,1677,39,8.20,210,0,9.58
2026-07-22T16:00:24+02:00,s0_idle,86,13.4,48,766,47,38,1485,1713,39,8.09,210,0,9.58
2026-07-22T16:00:26+02:00,s0_idle,89,14.5,48,1199,47,38,1462,1599,39,8.08,210,0,8.81
2026-07-22T16:00:28+02:00,s0_idle,91,14.4,61,764,47,37,1475,1626,39,8.16,210,0,8.81
2026-07-22T16:00:30+02:00,s0_idle,93,10.6,48,925,47,38,1464,1662,39,8.16,210,0,8.11
2026-07-22T16:00:33+02:00,s0_idle,95,14.1,48,933,47,38,1457,1644,39,8.12,210,0,8.11
2026-07-22T16:00:35+02:00,s0_idle,98,15.8,48,946,47,38,1481,1646,39,8.10,210,0,7.54
2026-07-22T16:00:37+02:00,s0_idle,100,11.7,47,922,47,38,1433,1642,39,8.10,210,0,7.54
2026-07-22T16:00:39+02:00,s0_idle,102,10.0,48,754,47,38,1443,1644,39,8.19,210,0,6.93
2026-07-22T16:00:42+02:00,s0_idle,104,8.7,50,1071,47,37,1472,1644,39,8.16,210,0,6.93
2026-07-22T16:00:44+02:00,s0_idle,107,10.8,47,757,47,38,1457,1624,39,8.18,210,0,6.46
2026-07-22T16:00:46+02:00,s0_idle,109,9.0,47,752,46,38,1451,1597,39,8.23,210,0,6.46
2026-07-22T16:00:48+02:00,s0_idle,111,16.4,61,1121,46,38,1451,1603,39,8.13,210,0,6.46
2026-07-22T16:00:51+02:00,s0_idle,113,20.1,48,931,47,38,1459,1698,39,8.03,210,0,6.34
2026-07-22T16:00:53+02:00,s0_idle,116,19.5,48,776,47,38,1453,1666,39,8.12,210,0,6.34
2026-07-22T16:00:55+02:00,s0_idle,118,11.5,48,768,46,38,1448,1586,39,8.13,210,0,5.91
2026-07-22T16:00:57+02:00,s0_idle,120,10.6,47,770,46,38,1439,1549,39,8.11,210,0,5.91
2026-07-22T16:01:00+02:00,s0_idle,122,9.0,48,983,46,38,1456,1534,39,8.19,210,0,5.44
2026-07-22T16:01:02+02:00,s0_idle,125,13.4,47,801,46,38,1440,1654,39,8.09,210,0,5.44
2026-07-22T16:01:04+02:00,s0_idle,127,11.8,47,768,46,38,1456,1616,39,8.14,210,0,5.08
2026-07-22T16:01:07+02:00,s0_idle,129,10.1,48,849,46,38,1472,1622,39,8.14,210,0,5.08
2026-07-22T16:01:09+02:00,s0_idle,132,17.5,48,757,46,37,1473,1618,39,8.05,210,0,4.68
2026-07-22T16:01:11+02:00,s0_idle,134,8.2,46,756,46,37,1461,1677,39,8.08,210,0,4.68
2026-07-22T16:01:13+02:00,s0_idle,136,9.2,46,1133,46,37,1459,1640,39,8.14,210,0,4.68
2026-07-22T16:01:16+02:00,s0_idle,138,9.5,46,704,46,37,1477,1610,39,8.06,210,0,4.30
2026-07-22T16:01:18+02:00,s0_idle,141,9.4,48,886,46,38,1468,1610,39,8.02,210,0,4.30
2026-07-22T16:01:20+02:00,s0_idle,143,13.0,52,926,46,38,1425,1597,39,8.00,210,0,3.96
2026-07-22T16:01:22+02:00,s0_idle,145,27.3,52,925,46,37,1500,1618,39,8.17,210,0,3.96
2026-07-22T16:01:25+02:00,s0_idle,147,10.7,47,762,46,37,1427,1660,39,8.17,210,0,3.88
2026-07-22T16:01:27+02:00,s0_idle,150,10.8,47,990,46,37,1459,1646,39,8.26,210,0,3.88
2026-07-22T16:01:29+02:00,s0_idle,152,11.6,54,692,46,37,1456,1636,39,8.18,210,0,3.57
2026-07-22T16:01:31+02:00,s0_idle,154,9.8,47,822,46,37,1468,1591,39,8.09,210,0,3.57
2026-07-22T16:01:33+02:00,s0_idle,156,12.7,46,1063,46,37,1467,1626,39,8.12,210,0,3.57
2026-07-22T16:01:36+02:00,s0_idle,158,21.1,68,1171,46,37,1467,1630,39,8.19,210,0,3.52
2026-07-22T16:01:38+02:00,s0_idle,161,16.1,47,778,46,37,1421,1672,39,8.27,210,0,3.52
2026-07-22T16:01:40+02:00,s0_idle,163,10.3,57,1197,46,37,1418,1605,39,8.29,210,0,3.40
2026-07-22T16:01:42+02:00,s0_idle,165,9.8,46,716,46,37,1433,1599,39,8.16,210,0,3.40
2026-07-22T16:01:45+02:00,s0_idle,167,8.9,47,752,46,37,1430,1614,39,8.04,210,0,3.13
2026-07-22T16:01:47+02:00,s0_idle,170,9.0,46,770,46,37,1468,1628,39,8.02,210,0,3.13
2026-07-22T16:01:49+02:00,s0_idle,172,10.6,46,747,46,37,1442,1586,39,8.06,210,0,2.88
2026-07-22T16:01:52+02:00,s0_idle,174,12.5,47,747,46,37,1457,1626,39,7.97,210,0,2.88
2026-07-22T16:01:54+02:00,s0_idle,177,23.9,48,750,46,37,1427,1719,39,7.98,210,0,2.81
2026-07-22T16:01:56+02:00,s0_idle,179,9.4,45,1133,46,37,1448,1648,39,7.95,210,0,2.81
2026-07-22T16:02:02+02:00,s1_cpu,2,58.0,57,1199,46,37,1443,1612,39,8.05,210,0,2.58
2026-07-22T16:02:04+02:00,s1_cpu,5,57.7,57,1199,46,37,1434,1732,39,8.07,210,0,2.58
2026-07-22T16:02:06+02:00,s1_cpu,7,58.3,57,1199,47,37,1450,1744,39,8.05,210,0,4.30
2026-07-22T16:02:08+02:00,s1_cpu,9,53.2,55,1199,47,37,1446,1693,39,8.14,210,0,4.30
2026-07-22T16:02:10+02:00,s1_cpu,11,50.1,57,1199,47,37,1467,1630,39,8.16,210,0,6.76
2026-07-22T16:02:12+02:00,s1_cpu,13,50.0,56,1199,47,37,1451,1648,39,8.18,210,0,6.76
2026-07-22T16:02:15+02:00,s1_cpu,15,50.0,56,1199,48,37,1468,1614,39,8.16,210,0,8.62
2026-07-22T16:02:17+02:00,s1_cpu,18,50.0,56,1199,48,37,1477,1628,39,8.08,210,0,8.62
2026-07-22T16:02:19+02:00,s1_cpu,20,50.0,56,1199,48,37,1477,1642,39,8.07,210,0,10.25
2026-07-22T16:02:21+02:00,s1_cpu,22,50.0,58,1199,48,37,1453,1644,39,8.07,210,0,10.25
2026-07-22T16:02:23+02:00,s1_cpu,24,50.0,58,1200,48,37,1472,1664,39,7.98,210,0,10.25
2026-07-22T16:02:25+02:00,s1_cpu,26,50.0,57,1199,48,37,1464,1640,39,8.03,210,0,11.59
2026-07-22T16:02:28+02:00,s1_cpu,28,49.8,58,1199,48,37,1459,1656,39,8.01,210,0,11.59
2026-07-22T16:02:30+02:00,s1_cpu,31,50.0,59,1199,49,37,1473,1679,39,8.03,210,0,12.59
2026-07-22T16:02:32+02:00,s1_cpu,33,50.2,59,1199,49,37,1461,1689,39,8.12,210,0,12.59
2026-07-22T16:02:34+02:00,s1_cpu,35,50.0,58,1199,49,37,1478,1679,39,8.03,210,0,13.90
2026-07-22T16:02:37+02:00,s1_cpu,37,49.8,58,1199,49,37,1462,1656,39,8.01,210,0,13.90
2026-07-22T16:02:39+02:00,s1_cpu,40,50.2,59,1199,49,37,1475,1693,39,8.03,210,0,14.79
2026-07-22T16:02:41+02:00,s1_cpu,42,49.8,60,1199,49,37,1457,1664,39,7.97,210,0,14.79
2026-07-22T16:02:43+02:00,s1_cpu,44,50.2,59,1199,50,37,1459,1685,39,7.98,210,0,14.79
2026-07-22T16:02:46+02:00,s1_cpu,46,49.9,60,1199,50,37,1418,1726,39,8.03,210,0,15.53
2026-07-22T16:02:48+02:00,s1_cpu,49,50.1,60,1199,50,37,1472,1670,39,7.99,210,0,15.53
2026-07-22T16:02:50+02:00,s1_cpu,51,50.0,60,1199,50,37,1477,1726,39,7.96,210,0,16.29
2026-07-22T16:02:52+02:00,s1_cpu,53,50.1,59,1199,50,37,1462,1695,39,7.92,210,0,16.29
2026-07-22T16:02:55+02:00,s1_cpu,55,50.0,61,1199,50,37,1485,1724,39,7.91,210,0,16.98
2026-07-22T16:02:57+02:00,s1_cpu,58,50.0,61,1199,50,37,1464,1721,39,7.93,210,0,16.98
2026-07-22T16:02:59+02:00,s1_cpu,60,49.9,60,1199,50,37,1465,1698,39,7.98,210,0,17.79
2026-07-22T16:03:02+02:00,s1_cpu,62,50.1,61,1199,50,37,1472,1735,39,7.90,210,0,17.79
2026-07-22T16:03:04+02:00,s1_cpu,65,50.0,61,1199,51,37,1459,1739,39,7.93,210,0,18.84
2026-07-22T16:03:06+02:00,s1_cpu,67,50.1,62,1199,51,37,1464,1706,39,7.95,210,0,18.84
2026-07-22T16:03:08+02:00,s1_cpu,69,49.9,61,1199,51,37,1470,1724,39,7.98,210,0,18.84
2026-07-22T16:03:11+02:00,s1_cpu,71,50.0,61,1199,51,37,1477,1711,39,7.88,210,0,19.34
2026-07-22T16:03:13+02:00,s1_cpu,74,50.1,63,1199,51,37,1467,1713,39,7.93,210,0,19.34
2026-07-22T16:03:15+02:00,s1_cpu,76,49.9,62,1199,51,37,1459,1715,39,7.98,210,0,19.87
2026-07-22T16:03:18+02:00,s1_cpu,78,50.1,62,1199,51,37,1477,1748,39,7.97,210,0,19.87
2026-07-22T16:03:20+02:00,s1_cpu,81,49.9,63,1199,51,37,1462,1715,39,8.08,210,0,20.68
2026-07-22T16:03:22+02:00,s1_cpu,83,50.1,63,1199,52,37,1459,1721,39,8.15,210,0,20.68
2026-07-22T16:03:24+02:00,s1_cpu,85,50.0,63,1199,52,38,1459,1726,39,8.18,210,0,20.95
2026-07-22T16:03:27+02:00,s1_cpu,87,49.8,63,1199,52,37,1478,1737,39,7.99,210,0,20.95
2026-07-22T16:03:29+02:00,s1_cpu,90,49.9,63,1199,52,38,1459,1764,39,7.96,210,0,21.43
2026-07-22T16:03:31+02:00,s1_cpu,92,50.3,64,1199,52,37,1419,1767,39,7.93,210,0,21.43
2026-07-22T16:03:34+02:00,s1_cpu,94,50.0,63,1199,52,38,1434,1767,39,7.98,210,0,21.43
2026-07-22T16:03:36+02:00,s1_cpu,97,50.0,64,1199,52,38,1457,1767,39,8.11,210,0,21.88
2026-07-22T16:03:38+02:00,s1_cpu,99,49.8,64,1199,52,38,1443,1737,39,8.04,210,0,21.88
2026-07-22T16:03:40+02:00,s1_cpu,101,50.0,63,1199,52,38,1457,1735,39,8.07,210,0,22.29
2026-07-22T16:03:43+02:00,s1_cpu,103,50.1,63,1199,53,38,1457,1732,39,8.07,210,0,22.29
2026-07-22T16:03:45+02:00,s1_cpu,106,50.1,64,1199,53,38,1473,1750,39,8.09,210,0,22.67
2026-07-22T16:03:47+02:00,s1_cpu,108,50.0,64,1199,53,38,1445,1783,39,7.98,210,0,22.67
2026-07-22T16:03:49+02:00,s1_cpu,110,50.0,64,1199,53,38,1454,1769,39,7.95,210,0,22.93
2026-07-22T16:03:52+02:00,s1_cpu,112,50.0,64,1199,53,38,1480,1802,39,7.99,210,0,22.93
2026-07-22T16:03:54+02:00,s1_cpu,115,49.9,64,1199,53,38,1481,1767,39,8.01,210,0,22.93
2026-07-22T16:03:56+02:00,s1_cpu,117,49.9,64,1199,53,38,1472,1783,39,8.00,210,0,23.10
2026-07-22T16:03:58+02:00,s1_cpu,119,50.0,64,1199,53,38,1485,1757,39,7.99,210,0,23.10
2026-07-22T16:04:01+02:00,s1_cpu,121,49.9,65,1199,53,38,1481,1785,39,8.00,210,0,23.25
2026-07-22T16:04:03+02:00,s1_cpu,124,50.3,64,1199,53,38,1473,1783,39,8.03,210,0,23.25
2026-07-22T16:04:05+02:00,s1_cpu,126,49.9,64,1199,53,38,1477,1809,39,8.11,210,0,23.71
2026-07-22T16:04:08+02:00,s1_cpu,128,49.6,65,1199,53,38,1473,1807,39,8.05,210,0,23.71
2026-07-22T16:04:10+02:00,s1_cpu,131,50.4,65,1199,53,38,1464,1814,39,7.96,210,0,23.90
2026-07-22T16:04:12+02:00,s1_cpu,133,50.0,65,1199,54,38,1459,1797,39,7.94,210,0,23.90
2026-07-22T16:04:14+02:00,s1_cpu,135,49.8,65,1199,54,38,1464,1821,39,8.04,210,0,24.14
2026-07-22T16:04:17+02:00,s1_cpu,137,50.0,65,1199,54,38,1457,1790,39,8.03,210,0,24.14
2026-07-22T16:04:19+02:00,s1_cpu,140,50.1,65,1199,54,38,1436,1826,39,8.05,210,0,24.77
2026-07-22T16:04:21+02:00,s1_cpu,142,50.0,65,1199,54,38,1443,1821,39,8.10,210,0,24.77
2026-07-22T16:04:24+02:00,s1_cpu,144,50.1,66,1199,54,38,1453,1821,39,8.02,210,0,24.77
2026-07-22T16:04:26+02:00,s1_cpu,147,49.9,66,1199,54,38,1488,1790,39,8.07,210,0,24.87
2026-07-22T16:04:28+02:00,s1_cpu,149,50.1,66,1199,54,38,1472,1797,39,8.10,210,0,24.87
2026-07-22T16:04:31+02:00,s1_cpu,151,49.8,65,1199,54,38,1475,1821,39,7.93,210,0,24.96
2026-07-22T16:04:33+02:00,s1_cpu,154,49.9,65,1199,54,38,1459,1800,39,7.99,210,0,24.96
2026-07-22T16:04:35+02:00,s1_cpu,156,50.1,66,1199,54,38,1461,1797,39,7.99,210,0,25.29
2026-07-22T16:04:38+02:00,s1_cpu,158,50.1,65,1199,54,38,1457,1812,39,8.09,210,0,25.29
2026-07-22T16:04:40+02:00,s1_cpu,161,50.1,66,1199,55,38,1464,1839,39,8.05,210,0,25.26
2026-07-22T16:04:42+02:00,s1_cpu,163,50.1,65,1199,55,38,1459,1844,39,8.03,210,0,25.26
2026-07-22T16:04:45+02:00,s1_cpu,165,49.8,66,1199,55,38,1462,1814,39,8.14,210,0,25.48
2026-07-22T16:04:47+02:00,s1_cpu,168,50.2,66,1199,55,38,1462,1846,39,8.07,210,0,25.48
2026-07-22T16:04:49+02:00,s1_cpu,170,49.9,66,1199,55,38,1478,1812,39,7.98,210,0,25.68
2026-07-22T16:04:51+02:00,s1_cpu,172,49.8,67,1200,55,38,1477,1812,39,7.94,210,0,25.68
2026-07-22T16:04:54+02:00,s1_cpu,174,50.2,66,1199,55,38,1465,1841,39,8.01,210,0,25.68
2026-07-22T16:04:56+02:00,s1_cpu,177,50.1,67,1200,55,38,1459,1814,39,7.91,210,0,25.71
2026-07-22T16:04:58+02:00,s1_cpu,179,49.9,66,1199,55,38,1461,1839,39,7.86,210,0,25.71
2026-07-22T16:05:00+02:00,s1_cpu,181,49.9,67,1199,55,38,1472,1812,39,7.82,210,0,25.57
2026-07-22T16:05:03+02:00,s1_cpu,183,50.0,67,1199,55,38,1472,1821,39,7.89,210,0,25.57
2026-07-22T16:05:05+02:00,s1_cpu,186,50.0,67,1199,55,38,1472,1841,39,8.01,210,0,25.53
2026-07-22T16:05:07+02:00,s1_cpu,188,50.0,66,1199,55,38,1481,1856,39,8.16,210,0,25.53
2026-07-22T16:05:10+02:00,s1_cpu,190,50.0,67,1199,55,38,1488,1821,39,8.14,210,0,25.80
2026-07-22T16:05:12+02:00,s1_cpu,193,49.8,68,1199,55,38,1475,1816,39,8.11,210,0,25.80
2026-07-22T16:05:15+02:00,s1_cpu,195,50.2,68,1199,55,38,1481,1824,39,8.06,210,0,25.98
2026-07-22T16:05:17+02:00,s1_cpu,198,50.1,67,1199,55,38,1464,1826,39,8.12,210,0,25.98
2026-07-22T16:05:19+02:00,s1_cpu,200,50.0,67,1199,55,38,1464,1824,39,8.14,210,0,26.46
2026-07-22T16:05:21+02:00,s1_cpu,202,49.9,67,1199,56,38,1483,1821,39,8.11,210,0,26.46
2026-07-22T16:05:24+02:00,s1_cpu,204,50.0,68,1199,56,38,1496,1864,39,8.14,210,0,26.46
2026-07-22T16:05:26+02:00,s1_cpu,207,50.1,67,1199,56,38,1480,1826,39,8.08,210,0,26.43
2026-07-22T16:05:29+02:00,s1_cpu,209,49.8,67,1200,56,38,1481,1839,39,8.09,210,0,26.43
2026-07-22T16:05:31+02:00,s1_cpu,212,50.2,67,1199,56,38,1478,1859,39,8.02,210,0,26.23
2026-07-22T16:05:33+02:00,s1_cpu,214,50.1,68,1199,56,38,1478,1824,39,8.06,210,0,26.23
2026-07-22T16:05:35+02:00,s1_cpu,216,50.0,67,1199,56,38,1470,1824,39,8.04,210,0,26.21
2026-07-22T16:05:38+02:00,s1_cpu,218,49.7,68,1200,56,38,1453,1862,39,8.12,210,0,26.21
2026-07-22T16:05:40+02:00,s1_cpu,221,50.3,67,1199,56,38,1457,1859,39,7.97,210,0,26.04
2026-07-22T16:05:42+02:00,s1_cpu,223,49.8,67,1199,56,38,1446,1862,39,8.06,210,0,26.04
2026-07-22T16:05:44+02:00,s1_cpu,225,49.9,69,1199,56,38,1439,1862,39,8.10,210,0,26.03
2026-07-22T16:05:47+02:00,s1_cpu,227,50.2,68,1199,56,38,1457,1834,39,8.08,210,0,26.03
2026-07-22T16:05:49+02:00,s1_cpu,230,50.0,68,1199,56,38,1461,1836,39,8.15,210,0,26.27
2026-07-22T16:05:51+02:00,s1_cpu,232,49.8,67,1200,56,38,1459,1851,39,8.10,210,0,26.27
2026-07-22T16:05:54+02:00,s1_cpu,234,50.2,68,1199,56,38,1459,1880,39,8.09,210,0,26.27
2026-07-22T16:05:56+02:00,s1_cpu,237,50.0,68,1199,56,38,1459,1836,39,8.06,210,0,26.09
2026-07-22T16:05:58+02:00,s1_cpu,239,49.9,69,1199,56,38,1456,1882,39,8.14,210,0,26.09
2026-07-22T16:06:01+02:00,s1_cpu,241,50.1,68,1199,56,38,1459,1851,39,8.05,210,0,25.92
2026-07-22T16:06:03+02:00,s1_cpu,244,49.9,68,1199,56,38,1470,1882,39,8.09,210,0,25.92
2026-07-22T16:06:05+02:00,s1_cpu,246,50.2,68,1199,56,38,1468,1859,39,8.06,210,0,25.77
2026-07-22T16:06:08+02:00,s1_cpu,248,50.0,68,1199,57,38,1445,1880,39,7.94,210,0,25.77
2026-07-22T16:06:10+02:00,s1_cpu,251,50.1,68,1199,57,38,1470,1851,39,8.11,210,0,25.62
2026-07-22T16:06:12+02:00,s1_cpu,253,49.9,68,1199,57,38,1454,1851,39,8.04,210,0,25.62
2026-07-22T16:06:14+02:00,s1_cpu,255,50.0,68,1199,57,38,1459,1888,39,7.95,210,0,25.57
2026-07-22T16:06:17+02:00,s1_cpu,257,50.1,69,1199,57,38,1462,1844,39,7.92,210,0,25.57
2026-07-22T16:06:19+02:00,s1_cpu,260,50.0,68,1199,57,38,1468,1877,39,7.94,210,0,25.57
2026-07-22T16:06:21+02:00,s1_cpu,262,49.8,69,1199,57,38,1472,1877,39,8.00,210,0,25.61
2026-07-22T16:06:24+02:00,s1_cpu,264,50.0,69,1200,57,38,1475,1844,39,7.91,210,0,25.61
2026-07-22T16:06:26+02:00,s1_cpu,267,50.1,69,1199,57,38,1478,1882,39,7.89,210,0,25.56
2026-07-22T16:06:28+02:00,s1_cpu,269,50.0,69,1199,57,38,1473,1846,39,7.91,210,0,25.56
2026-07-22T16:06:30+02:00,s1_cpu,271,49.9,69,1199,57,38,1464,1846,39,7.97,210,0,25.43
2026-07-22T16:06:33+02:00,s1_cpu,273,50.1,68,1199,57,38,1459,1882,39,7.99,210,0,25.43
2026-07-22T16:06:35+02:00,s1_cpu,276,50.0,69,1199,57,38,1465,1867,39,7.93,210,0,25.64
2026-07-22T16:06:37+02:00,s1_cpu,278,50.1,69,1199,57,38,1461,1864,39,7.96,210,0,25.64
2026-07-22T16:06:39+02:00,s1_cpu,280,49.8,69,1199,57,38,1464,1849,39,8.07,210,0,25.75
2026-07-22T16:06:42+02:00,s1_cpu,282,50.1,69,1199,57,38,1468,1898,39,8.01,210,0,25.75
2026-07-22T16:06:44+02:00,s1_cpu,285,50.1,68,1199,57,38,1464,1893,39,7.90,210,0,25.69
2026-07-22T16:06:46+02:00,s1_cpu,287,49.8,69,1200,57,38,1464,1844,39,7.99,210,0,25.69
2026-07-22T16:06:49+02:00,s1_cpu,289,50.2,69,1199,57,38,1462,1849,39,7.94,210,0,25.69
2026-07-22T16:06:51+02:00,s1_cpu,292,49.7,69,1199,57,38,1483,1890,39,8.03,210,0,25.63
2026-07-22T16:06:53+02:00,s1_cpu,294,50.2,68,1199,57,38,1473,1909,39,8.13,210,0,25.63
2026-07-22T16:06:55+02:00,s1_cpu,296,50.1,69,1199,57,38,1481,1877,39,8.07,210,0,25.50
2026-07-22T16:06:58+02:00,s1_cpu,298,49.9,69,1199,57,38,1478,1888,39,8.00,210,0,25.50
2026-07-22T16:07:00+02:00,s1_cpu,301,50.0,69,1199,57,38,1464,1885,39,7.98,210,0,25.46
2026-07-22T16:07:02+02:00,s1_cpu,303,50.1,69,1199,57,38,1451,1885,39,8.08,210,0,25.46
2026-07-22T16:07:04+02:00,s1_cpu,305,49.8,69,1199,57,38,1457,1890,39,8.04,210,0,25.35
2026-07-22T16:07:07+02:00,s1_cpu,307,50.1,69,1199,58,38,1454,1896,39,8.01,210,0,25.35
2026-07-22T16:07:09+02:00,s1_cpu,310,49.9,69,1199,58,38,1465,1882,39,8.00,210,0,25.35
2026-07-22T16:07:11+02:00,s1_cpu,312,50.1,69,1199,58,38,1480,1888,39,8.08,210,0,25.40
2026-07-22T16:07:14+02:00,s1_cpu,314,50.0,69,1199,58,38,1483,1888,39,8.03,210,0,25.40
2026-07-22T16:07:16+02:00,s1_cpu,317,49.8,69,1199,58,38,1478,1920,39,8.04,210,0,25.29
2026-07-22T16:07:18+02:00,s1_cpu,319,50.2,69,1199,58,38,1472,1890,39,8.01,210,0,25.29
2026-07-22T16:07:21+02:00,s1_cpu,321,50.0,69,1199,58,38,1468,1890,39,7.95,210,0,25.50
2026-07-22T16:07:23+02:00,s1_cpu,324,49.9,69,1199,58,38,1488,1893,39,7.87,210,0,25.50
2026-07-22T16:07:26+02:00,s1_cpu,326,50.0,69,1199,58,38,1486,1914,39,7.89,210,0,25.46
2026-07-22T16:07:28+02:00,s1_cpu,329,50.1,69,1199,58,38,1491,1896,39,7.92,210,0,25.46
2026-07-22T16:07:30+02:00,s1_cpu,331,50.0,69,1199,58,38,1488,1893,39,8.05,210,0,25.35
2026-07-22T16:07:33+02:00,s1_cpu,333,49.8,69,1199,58,38,1473,1885,39,7.96,210,0,25.35
2026-07-22T16:07:35+02:00,s1_cpu,336,50.2,68,1199,58,38,1467,1914,39,7.97,210,0,25.48
2026-07-22T16:07:37+02:00,s1_cpu,338,49.8,69,1199,58,38,1481,1914,39,7.95,210,0,25.48
2026-07-22T16:07:40+02:00,s1_cpu,340,50.2,69,1200,58,38,1462,1917,39,7.90,210,0,25.36
2026-07-22T16:07:42+02:00,s1_cpu,343,49.9,69,1199,58,38,1470,1920,39,7.93,210,0,25.36
2026-07-22T16:07:44+02:00,s1_cpu,345,50.1,69,1199,58,38,1473,1877,39,7.99,210,0,25.73
2026-07-22T16:07:46+02:00,s1_cpu,347,50.0,69,1199,58,38,1483,1885,39,8.02,210,0,25.73
2026-07-22T16:07:49+02:00,s1_cpu,349,49.9,69,1199,58,38,1480,1917,39,8.03,210,0,25.73
2026-07-22T16:07:51+02:00,s1_cpu,352,50.0,70,1199,58,38,1493,1882,39,7.94,210,0,26.55
2026-07-22T16:07:53+02:00,s1_cpu,354,50.1,69,1199,58,38,1480,1923,39,7.96,210,0,26.55
2026-07-22T16:07:56+02:00,s1_cpu,356,50.0,69,1199,58,38,1500,1917,39,8.03,210,0,26.75
2026-07-22T16:07:58+02:00,s1_cpu,359,50.1,69,1199,58,38,1472,1914,39,8.12,210,0,26.75
2026-07-22T16:08:00+02:00,s1_cpu,361,49.9,70,1199,58,38,1483,1914,39,8.05,210,0,26.77
2026-07-22T16:08:02+02:00,s1_cpu,363,50.1,69,1199,58,38,1486,1893,39,7.98,210,0,26.77
2026-07-22T16:08:05+02:00,s1_cpu,365,50.0,69,1199,58,38,1498,1925,39,8.06,210,0,26.79
2026-07-22T16:08:07+02:00,s1_cpu,368,49.9,70,1199,58,38,1505,1917,39,8.05,210,0,26.79
2026-07-22T16:08:09+02:00,s1_cpu,370,50.0,69,1200,58,38,1483,1893,39,8.09,210,0,26.73
2026-07-22T16:08:12+02:00,s1_cpu,373,50.1,69,1199,58,38,1493,1888,39,8.03,210,0,26.73
2026-07-22T16:08:14+02:00,s1_cpu,375,49.8,69,1199,59,38,1483,1914,39,8.01,210,0,26.73
2026-07-22T16:08:16+02:00,s1_cpu,377,50.1,69,1199,59,38,1468,1931,39,7.99,210,0,26.67
2026-07-22T16:08:18+02:00,s1_cpu,379,49.8,69,1199,59,38,1483,1906,39,8.02,210,0,26.67
2026-07-22T16:08:21+02:00,s1_cpu,381,50.2,69,1200,59,38,1498,1912,39,8.08,210,0,27.09
2026-07-22T16:08:23+02:00,s1_cpu,384,49.8,69,1199,59,38,1477,1939,39,8.13,210,0,27.09
2026-07-22T16:08:25+02:00,s1_cpu,386,50.1,69,1199,59,38,1483,1896,39,8.11,210,0,26.85
2026-07-22T16:08:27+02:00,s1_cpu,388,49.9,69,1199,59,38,1467,1912,39,8.16,210,0,26.85
2026-07-22T16:08:30+02:00,s1_cpu,390,50.1,69,1199,59,38,1464,1942,39,8.12,210,0,26.70
2026-07-22T16:08:32+02:00,s1_cpu,393,50.0,69,1199,59,38,1468,1934,39,8.15,210,0,26.70
2026-07-22T16:08:34+02:00,s1_cpu,395,49.9,69,1199,59,38,1459,1901,39,8.17,210,0,26.88
2026-07-22T16:08:37+02:00,s1_cpu,397,49.9,69,1199,59,38,1491,1909,39,8.15,210,0,26.88
2026-07-22T16:08:39+02:00,s1_cpu,400,50.1,71,1199,59,38,1486,1909,39,8.27,210,0,26.88
2026-07-22T16:08:41+02:00,s1_cpu,402,50.1,69,1199,59,38,1483,1901,39,8.23,210,0,26.73
2026-07-22T16:08:43+02:00,s1_cpu,404,49.9,70,1199,59,38,1486,1936,39,8.16,210,0,26.73
2026-07-22T16:08:46+02:00,s1_cpu,406,50.0,69,1199,59,38,1478,1906,39,8.21,210,0,27.31
2026-07-22T16:08:48+02:00,s1_cpu,409,49.9,69,1199,59,38,1468,1934,39,8.18,210,0,27.31
2026-07-22T16:08:50+02:00,s1_cpu,411,50.1,69,1199,59,38,1493,1939,39,8.00,210,0,27.53
2026-07-22T16:08:53+02:00,s1_cpu,413,49.9,69,1199,59,38,1511,1901,39,8.13,210,0,27.53
2026-07-22T16:08:55+02:00,s1_cpu,416,50.2,70,1199,59,38,1483,1906,39,8.21,210,0,27.65
2026-07-22T16:08:57+02:00,s1_cpu,418,49.8,69,1199,59,38,1478,1939,39,8.18,210,0,27.65
2026-07-22T16:08:59+02:00,s1_cpu,420,50.1,70,1199,59,38,1496,1909,39,8.17,210,0,27.52
2026-07-22T16:09:02+02:00,s1_cpu,422,49.9,70,1199,59,38,1473,1901,39,8.20,210,0,27.52
2026-07-22T16:09:04+02:00,s1_cpu,425,49.9,69,1199,59,38,1498,1931,39,8.18,210,0,27.52
2026-07-22T16:09:06+02:00,s1_cpu,427,50.1,69,1199,59,38,1513,1904,39,8.19,210,0,27.39
2026-07-22T16:09:09+02:00,s1_cpu,429,49.8,70,1199,59,38,1495,1917,39,8.22,210,0,27.39
2026-07-22T16:09:11+02:00,s1_cpu,432,50.2,69,1199,59,38,1505,1939,39,8.24,210,0,27.36
2026-07-22T16:09:13+02:00,s1_cpu,434,49.8,70,1199,59,38,1503,1896,39,8.22,210,0,27.36
2026-07-22T16:09:16+02:00,s1_cpu,436,50.1,69,1199,59,38,1490,1934,39,8.15,210,0,27.17
2026-07-22T16:09:18+02:00,s1_cpu,439,50.0,70,1199,59,38,1473,1906,39,8.14,210,0,27.17
2026-07-22T16:09:20+02:00,s1_cpu,441,49.9,70,1199,59,38,1488,1939,39,8.13,210,0,27.00
2026-07-22T16:09:22+02:00,s1_cpu,443,50.2,70,1199,59,38,1468,1914,39,8.17,210,0,27.00
2026-07-22T16:09:25+02:00,s1_cpu,445,50.0,70,1199,59,38,1483,1914,39,8.17,210,0,26.92
2026-07-22T16:09:27+02:00,s1_cpu,448,49.9,69,1199,59,38,1488,1934,39,8.22,210,0,26.92
2026-07-22T16:09:30+02:00,s1_cpu,450,50.2,69,1199,59,38,1480,1948,39,8.14,210,0,27.33
2026-07-22T16:09:32+02:00,s1_cpu,453,50.0,69,1199,59,38,1468,1896,39,8.23,210,0,27.33
2026-07-22T16:09:34+02:00,s1_cpu,455,49.8,69,1199,59,38,1493,1942,39,8.29,210,0,27.46
2026-07-22T16:09:37+02:00,s1_cpu,457,50.0,69,1199,59,38,1478,1917,39,8.19,210,0,27.46
2026-07-22T16:09:39+02:00,s1_cpu,460,50.2,69,1199,59,38,1467,1945,39,8.26,210,0,27.46
2026-07-22T16:09:41+02:00,s1_cpu,462,49.8,69,1199,59,38,1465,1931,39,8.25,210,0,27.18
2026-07-22T16:09:44+02:00,s1_cpu,464,50.1,69,1199,59,38,1480,1906,39,8.23,210,0,27.18
2026-07-22T16:09:46+02:00,s1_cpu,467,49.9,69,1199,59,38,1485,1939,39,8.13,210,0,27.09
2026-07-22T16:09:48+02:00,s1_cpu,469,50.2,69,1199,59,38,1477,1936,39,8.09,210,0,27.09
2026-07-22T16:09:50+02:00,s1_cpu,471,50.1,69,1199,59,38,1483,1914,39,8.15,210,0,26.76
2026-07-22T16:09:53+02:00,s1_cpu,473,49.8,69,1199,60,38,1490,1934,39,8.06,210,0,26.76
2026-07-22T16:09:55+02:00,s1_cpu,476,50.2,70,1199,60,38,1468,1923,39,7.96,210,0,26.86
2026-07-22T16:09:57+02:00,s1_cpu,478,49.8,71,1199,60,38,1465,1953,39,8.08,210,0,26.86
2026-07-22T16:10:03+02:00,cooldown_after_s1_cpu,2,14.9,62,732,59,38,1539,1931,39,8.13,210,0,26.87
2026-07-22T16:10:05+02:00,cooldown_after_s1_cpu,4,11.0,61,1022,59,38,1498,1834,39,8.05,210,0,24.80
2026-07-22T16:10:07+02:00,cooldown_after_s1_cpu,6,10.8,60,725,59,38,1508,1804,39,8.01,210,0,24.80
2026-07-22T16:10:10+02:00,cooldown_after_s1_cpu,8,10.5,60,668,59,38,1503,1821,39,8.01,210,0,22.97
2026-07-22T16:10:12+02:00,cooldown_after_s1_cpu,11,11.1,60,786,58,38,1491,1869,39,8.02,210,0,22.97
2026-07-22T16:10:14+02:00,cooldown_after_s1_cpu,13,27.4,61,683,58,38,1549,1956,39,7.96,210,0,21.69
2026-07-22T16:10:17+02:00,cooldown_after_s1_cpu,15,11.0,59,979,58,38,1528,1956,39,7.99,210,0,21.69
2026-07-22T16:10:19+02:00,cooldown_after_s1_cpu,18,11.5,59,690,58,38,1525,1920,39,7.99,210,0,21.69
2026-07-22T16:10:21+02:00,cooldown_after_s1_cpu,20,12.1,58,749,58,38,1503,1925,39,7.95,210,0,20.36
2026-07-22T16:10:23+02:00,cooldown_after_s1_cpu,22,18.9,74,1198,57,38,1510,1890,39,7.90,210,0,20.36
2026-07-22T16:10:26+02:00,cooldown_after_s1_cpu,24,12.6,59,733,57,38,1557,1979,39,7.87,210,0,18.97
2026-07-22T16:10:28+02:00,cooldown_after_s1_cpu,27,10.3,58,696,57,38,1516,1880,39,7.99,210,0,18.97
2026-07-22T16:10:30+02:00,cooldown_after_s1_cpu,29,19.3,76,1196,57,38,1498,1888,39,8.02,210,0,17.61
2026-07-22T16:10:32+02:00,cooldown_after_s1_cpu,31,17.0,58,1005,57,38,1511,1948,39,8.03,210,0,17.61
2026-07-22T16:10:35+02:00,cooldown_after_s1_cpu,33,13.4,58,895,57,38,1511,1864,39,7.98,210,0,16.28
2026-07-22T16:10:37+02:00,cooldown_after_s1_cpu,36,11.3,58,790,57,38,1483,1844,39,8.00,210,0,16.28
2026-07-22T16:10:39+02:00,cooldown_after_s1_cpu,38,10.6,57,736,57,38,1490,1888,39,8.06,210,0,16.28
2026-07-22T16:10:41+02:00,cooldown_after_s1_cpu,40,9.6,58,761,56,38,1503,1851,39,8.05,210,0,14.97
2026-07-22T16:10:44+02:00,cooldown_after_s1_cpu,42,12.0,57,744,56,38,1500,1834,39,8.06,210,0,14.97
2026-07-22T16:10:46+02:00,cooldown_after_s1_cpu,45,23.2,57,757,56,38,1515,1928,39,7.99,210,0,13.85
2026-07-22T16:10:48+02:00,cooldown_after_s1_cpu,47,9.3,57,772,56,38,1488,1880,39,7.97,210,0,13.85
2026-07-22T16:10:50+02:00,cooldown_after_s1_cpu,49,10.3,57,767,56,38,1493,1851,39,8.03,210,0,12.75
2026-07-22T16:10:53+02:00,cooldown_after_s1_cpu,51,8.5,56,731,56,38,1472,1862,39,8.05,210,0,12.75
2026-07-22T16:10:55+02:00,cooldown_after_s1_cpu,54,8.4,56,750,56,38,1486,1869,39,8.04,210,0,11.72
2026-07-22T16:10:57+02:00,cooldown_after_s1_cpu,56,8.2,56,737,55,38,1498,1849,39,8.01,210,0,11.72
2026-07-22T16:11:00+02:00,cooldown_after_s1_cpu,58,9.4,56,979,55,38,1495,1829,39,7.96,210,0,10.79
2026-07-22T16:11:02+02:00,cooldown_after_s1_cpu,61,16.5,56,715,55,38,1528,1959,39,7.95,210,0,10.79
2026-07-22T16:11:04+02:00,cooldown_after_s1_cpu,63,8.8,54,760,55,38,1493,1819,39,8.06,210,0,10.79
2026-07-22T16:11:06+02:00,cooldown_after_s1_cpu,65,8.4,55,723,55,38,1475,1812,39,8.08,210,0,10.00
2026-07-22T16:11:09+02:00,cooldown_after_s1_cpu,67,8.7,54,744,55,38,1498,1849,39,8.11,210,0,10.00
2026-07-22T16:11:11+02:00,cooldown_after_s1_cpu,70,8.4,56,811,55,38,1470,1804,39,8.09,210,0,9.20
2026-07-22T16:11:13+02:00,cooldown_after_s1_cpu,72,8.5,54,733,55,38,1488,1849,39,8.10,210,0,9.20
2026-07-22T16:11:15+02:00,cooldown_after_s1_cpu,74,16.0,67,996,55,38,1473,1819,39,7.97,210,0,8.46
2026-07-22T16:11:18+02:00,cooldown_after_s1_cpu,76,16.5,54,819,55,38,1508,1912,39,7.99,210,0,8.46
2026-07-22T16:11:20+02:00,cooldown_after_s1_cpu,79,10.9,54,726,54,38,1488,1844,39,8.00,210,0,7.79
2026-07-22T16:11:22+02:00,cooldown_after_s1_cpu,81,8.5,54,708,54,38,1464,1802,39,7.97,210,0,7.79
2026-07-22T16:11:24+02:00,cooldown_after_s1_cpu,83,16.3,61,1130,54,38,1485,1795,39,8.11,210,0,7.16
2026-07-22T16:11:27+02:00,cooldown_after_s1_cpu,85,10.6,54,758,54,38,1490,1809,39,8.05,210,0,7.16
2026-07-22T16:11:29+02:00,cooldown_after_s1_cpu,88,9.9,53,743,54,38,1473,1809,39,8.14,210,0,7.16
2026-07-22T16:11:31+02:00,cooldown_after_s1_cpu,90,13.6,54,1192,54,38,1511,1867,39,8.21,210,0,6.59
2026-07-22T16:11:33+02:00,cooldown_after_s1_cpu,92,12.2,59,735,54,38,1480,1819,39,8.04,210,0,6.59
2026-07-22T16:11:36+02:00,cooldown_after_s1_cpu,94,10.9,53,926,54,38,1486,1800,39,8.10,210,0,6.14
2026-07-22T16:11:38+02:00,cooldown_after_s1_cpu,97,10.6,53,866,54,38,1470,1773,39,8.20,210,0,6.14
2026-07-22T16:11:40+02:00,cooldown_after_s1_cpu,99,8.5,52,760,54,38,1485,1816,39,8.14,210,0,5.65
2026-07-22T16:11:42+02:00,cooldown_after_s1_cpu,101,8.6,53,736,53,38,1468,1773,39,8.14,210,0,5.65
2026-07-22T16:11:45+02:00,cooldown_after_s1_cpu,103,8.6,54,758,53,38,1467,1760,39,8.16,210,0,5.20
2026-07-22T16:11:47+02:00,cooldown_after_s1_cpu,106,21.8,59,1021,53,38,1498,1778,39,8.21,210,0,5.20
2026-07-22T16:11:49+02:00,cooldown_after_s1_cpu,108,12.6,68,770,53,38,1513,1901,39,8.17,210,0,5.20
2026-07-22T16:11:51+02:00,cooldown_after_s1_cpu,110,9.2,56,844,53,38,1475,1816,39,8.22,210,0,4.78
2026-07-22T16:11:54+02:00,cooldown_after_s1_cpu,112,8.7,51,728,53,38,1485,1778,39,8.14,210,0,4.78
2026-07-22T16:11:56+02:00,cooldown_after_s1_cpu,115,8.7,52,710,53,38,1481,1776,39,8.03,210,0,4.40
2026-07-22T16:11:58+02:00,cooldown_after_s1_cpu,117,8.2,51,754,53,38,1468,1741,39,8.05,210,0,4.40
2026-07-22T16:12:00+02:00,cooldown_after_s1_cpu,119,14.9,70,1156,53,38,1483,1776,39,8.04,210,0,4.20
2026-07-22T16:12:05+02:00,s2_igpu,2,11.6,51,761,53,38,1462,1788,39,8.07,210,0,4.19
2026-07-22T16:12:07+02:00,s2_igpu,5,10.5,51,761,53,38,1480,1771,39,8.11,210,0,4.19
2026-07-22T16:12:09+02:00,s2_igpu,7,10.1,52,741,52,38,1468,1739,39,7.94,210,0,4.17
2026-07-22T16:12:12+02:00,s2_igpu,9,11.1,51,685,52,38,1495,1746,39,8.00,210,0,4.17
2026-07-22T16:12:14+02:00,s2_igpu,12,11.0,51,756,52,38,1470,1748,39,7.97,210,0,4.17
2026-07-22T16:12:16+02:00,s2_igpu,14,12.4,51,843,52,38,1470,1732,39,7.95,210,0,3.84
2026-07-22T16:12:19+02:00,s2_igpu,16,30.3,52,713,52,38,1508,1802,39,8.01,210,0,3.84
2026-07-22T16:12:21+02:00,s2_igpu,19,17.2,51,731,52,38,1498,1875,39,7.91,210,0,3.53
2026-07-22T16:12:23+02:00,s2_igpu,21,11.4,51,797,52,38,1473,1746,39,7.93,210,0,3.53
2026-07-22T16:12:25+02:00,s2_igpu,23,22.7,69,1196,52,38,1478,1778,39,7.87,210,0,3.41
2026-07-22T16:12:28+02:00,s2_igpu,25,12.8,51,704,52,38,1488,1824,39,7.91,210,0,3.41
2026-07-22T16:12:30+02:00,s2_igpu,28,15.2,74,1185,52,38,1486,1764,39,7.91,210,0,3.21
2026-07-22T16:12:32+02:00,s2_igpu,30,18.0,55,705,52,38,1508,1882,39,7.95,210,0,3.21
2026-07-22T16:12:34+02:00,s2_igpu,32,18.0,57,951,52,38,1480,1760,39,7.84,210,0,3.12
2026-07-22T16:12:37+02:00,s2_igpu,34,14.9,52,1022,52,38,1481,1764,39,7.86,210,0,3.12
2026-07-22T16:12:39+02:00,s2_igpu,37,12.7,52,724,52,38,1485,1762,39,8.00,210,0,3.12
2026-07-22T16:12:41+02:00,s2_igpu,39,11.3,51,744,52,38,1503,1728,39,7.97,210,0,3.59
2026-07-22T16:12:44+02:00,s2_igpu,41,11.1,51,693,52,38,1473,1748,39,7.97,210,0,3.59
2026-07-22T16:12:46+02:00,s2_igpu,44,11.8,51,983,52,38,1485,1739,39,8.03,210,0,3.54
2026-07-22T16:12:48+02:00,s2_igpu,46,17.1,56,1140,52,38,1490,1755,39,8.01,210,0,3.54
2026-07-22T16:12:50+02:00,s2_igpu,48,30.7,51,723,52,38,1515,1802,39,7.95,210,0,3.42
2026-07-22T16:12:53+02:00,s2_igpu,50,10.6,52,709,52,38,1493,1755,39,8.07,210,0,3.42
2026-07-22T16:12:55+02:00,s2_igpu,53,10.0,51,872,51,38,1493,1739,39,8.00,210,0,3.14
2026-07-22T16:12:57+02:00,s2_igpu,55,19.5,52,1155,51,38,1472,1753,39,8.12,210,0,3.14
2026-07-22T16:12:59+02:00,s2_igpu,57,41.8,66,1137,51,38,1493,1844,39,7.99,210,0,3.14
2026-07-22T16:13:02+02:00,s2_igpu,59,27.4,51,755,51,38,1528,1997,39,8.02,210,0,2.97
2026-07-22T16:13:04+02:00,s2_igpu,62,12.7,51,854,51,38,1508,1753,39,8.00,210,0,2.97
2026-07-22T16:13:06+02:00,s2_igpu,64,12.2,51,881,51,38,1501,1735,39,8.00,210,0,3.05
2026-07-22T16:13:08+02:00,s2_igpu,66,12.0,51,952,51,38,1503,1753,39,8.02,210,0,3.05
2026-07-22T16:13:11+02:00,s2_igpu,68,12.4,53,668,51,38,1491,1715,39,7.93,210,0,2.89
2026-07-22T16:13:13+02:00,s2_igpu,71,12.6,51,677,51,38,1498,1753,39,7.92,210,0,2.89
2026-07-22T16:13:16+02:00,s2_igpu,73,12.6,51,698,51,38,1501,1753,39,7.82,210,0,2.82
2026-07-22T16:13:18+02:00,s2_igpu,76,13.7,51,700,51,38,1490,1753,39,7.89,210,0,2.82
2026-07-22T16:13:20+02:00,s2_igpu,78,20.0,72,1182,51,38,1485,1728,39,7.88,210,0,2.75
2026-07-22T16:13:22+02:00,s2_igpu,80,26.4,52,1193,51,38,1493,1890,39,7.87,210,0,2.75
2026-07-22T16:13:24+02:00,s2_igpu,82,13.6,51,845,51,38,1486,1790,39,7.93,210,0,3.01
2026-07-22T16:13:27+02:00,s2_igpu,84,23.6,51,716,51,38,1481,1826,39,7.90,210,0,3.01
2026-07-22T16:13:29+02:00,s2_igpu,87,13.2,51,778,51,38,1485,1764,39,7.95,210,0,3.01
2026-07-22T16:13:31+02:00,s2_igpu,89,18.5,56,1169,51,38,1493,1854,39,7.88,210,0,3.01
2026-07-22T16:13:33+02:00,s2_igpu,91,22.4,53,1164,51,38,1483,1807,39,7.80,210,0,3.01
2026-07-22T16:13:36+02:00,s2_igpu,93,17.4,51,883,51,38,1486,1771,39,7.84,210,0,3.25
2026-07-22T16:13:38+02:00,s2_igpu,96,14.4,51,692,51,38,1483,1773,39,7.89,210,0,3.25
2026-07-22T16:13:40+02:00,s2_igpu,98,11.9,51,739,51,38,1490,1737,39,7.98,210,0,3.23
2026-07-22T16:13:42+02:00,s2_igpu,100,13.1,51,1183,51,38,1491,1760,39,7.96,210,0,3.23
2026-07-22T16:13:45+02:00,s2_igpu,102,14.6,51,720,51,38,1490,1785,39,7.97,210,0,2.97
2026-07-22T16:13:47+02:00,s2_igpu,105,10.6,51,725,51,38,1477,1753,39,7.99,210,0,2.97
2026-07-22T16:13:49+02:00,s2_igpu,107,13.2,51,730,51,38,1490,1730,39,7.89,210,0,2.97
2026-07-22T16:13:51+02:00,s2_igpu,109,18.6,51,1038,50,38,1472,1764,39,7.84,210,0,2.81
2026-07-22T16:13:54+02:00,s2_igpu,111,17.9,50,716,50,38,1491,1821,39,7.92,210,0,2.81
2026-07-22T16:13:56+02:00,s2_igpu,114,10.1,57,772,50,38,1470,1767,39,8.07,210,0,2.59
2026-07-22T16:13:58+02:00,s2_igpu,116,13.3,56,873,50,38,1503,1748,39,8.08,210,0,2.59
2026-07-22T16:14:00+02:00,s2_igpu,118,30.1,61,1182,50,38,1483,1724,39,7.99,210,0,2.54
2026-07-22T16:14:03+02:00,s2_igpu,120,12.7,50,810,50,38,1500,1836,39,7.99,210,0,2.54
2026-07-22T16:14:05+02:00,s2_igpu,123,11.7,51,680,50,38,1477,1708,39,7.90,210,0,2.34
2026-07-22T16:14:07+02:00,s2_igpu,125,11.0,50,742,50,38,1480,1717,39,7.97,210,0,2.34
2026-07-22T16:14:10+02:00,s2_igpu,127,11.1,50,755,50,38,1488,1739,39,8.02,210,0,2.39
2026-07-22T16:14:12+02:00,s2_igpu,130,11.0,50,820,50,38,1473,1739,39,7.98,210,0,2.39
2026-07-22T16:14:14+02:00,s2_igpu,132,12.2,50,667,50,38,1485,1739,39,7.86,210,0,2.39
2026-07-22T16:14:17+02:00,s2_igpu,134,12.3,50,1018,50,38,1480,1721,39,7.90,210,0,2.44
2026-07-22T16:14:19+02:00,s2_igpu,137,13.7,49,1174,50,38,1488,1711,39,7.88,210,0,2.44
2026-07-22T16:14:21+02:00,s2_igpu,139,13.4,49,711,50,38,1480,1746,39,7.95,210,0,2.48
2026-07-22T16:14:23+02:00,s2_igpu,141,23.4,54,1189,50,38,1488,1800,39,7.96,210,0,2.48
2026-07-22T16:14:26+02:00,s2_igpu,143,15.8,50,674,50,38,1481,1814,39,7.98,210,0,2.69
2026-07-22T16:14:28+02:00,s2_igpu,146,22.4,50,691,50,38,1491,1821,39,8.03,210,0,2.69
2026-07-22T16:14:30+02:00,s2_igpu,148,16.6,51,1186,50,38,1493,1757,39,8.04,210,0,2.63
2026-07-22T16:14:32+02:00,s2_igpu,150,17.7,50,805,50,38,1493,1821,39,8.03,210,0,2.63
2026-07-22T16:14:35+02:00,s2_igpu,152,19.6,51,728,50,38,1498,1737,39,7.98,210,0,2.50
2026-07-22T16:14:37+02:00,s2_igpu,155,14.7,51,846,50,38,1503,1721,39,7.91,210,0,2.50
2026-07-22T16:14:39+02:00,s2_igpu,157,13.9,51,753,50,38,1491,1706,39,7.88,210,0,2.50
2026-07-22T16:14:42+02:00,s2_igpu,159,10.0,51,765,50,38,1477,1715,39,7.88,210,0,2.30
2026-07-22T16:14:44+02:00,s2_igpu,162,10.5,51,751,50,38,1472,1737,39,7.89,210,0,2.30
2026-07-22T16:14:46+02:00,s2_igpu,164,10.9,50,755,50,38,1491,1708,39,7.91,210,0,2.12
2026-07-22T16:14:48+02:00,s2_igpu,166,11.2,50,828,50,38,1470,1730,39,7.92,210,0,2.12
2026-07-22T16:14:51+02:00,s2_igpu,168,12.8,49,718,50,38,1481,1700,39,7.94,210,0,1.95
2026-07-22T16:14:53+02:00,s2_igpu,171,10.7,49,842,50,38,1470,1691,39,7.84,210,0,1.95
2026-07-22T16:14:55+02:00,s2_igpu,173,26.8,61,1148,50,38,1486,1783,39,7.83,210,0,1.87
2026-07-22T16:14:57+02:00,s2_igpu,175,12.2,50,719,50,38,1481,1809,39,7.94,210,0,1.87
2026-07-22T16:15:00+02:00,s2_igpu,177,12.9,69,1200,50,38,1486,1702,39,7.97,210,0,1.96
2026-07-22T16:15:02+02:00,s2_igpu,180,22.8,50,779,50,38,1472,1795,39,7.91,210,0,1.96
2026-07-22T16:15:04+02:00,s2_igpu,182,11.7,48,1007,50,38,1486,1741,39,7.81,210,0,1.96
2026-07-22T16:15:06+02:00,s2_igpu,184,11.1,50,729,50,38,1475,1730,39,7.83,210,0,1.88
2026-07-22T16:15:09+02:00,s2_igpu,186,10.3,50,755,49,38,1473,1681,39,7.84,210,0,1.88
2026-07-22T16:15:11+02:00,s2_igpu,189,14.3,48,714,49,38,1475,1698,39,7.88,210,0,1.73
2026-07-22T16:15:13+02:00,s2_igpu,191,12.7,49,948,49,38,1486,1689,39,7.82,210,0,1.73
2026-07-22T16:15:16+02:00,s2_igpu,193,12.5,49,673,49,38,1477,1670,39,7.83,210,0,1.75
2026-07-22T16:15:18+02:00,s2_igpu,196,12.8,51,694,49,38,1477,1700,39,7.84,210,0,1.75
2026-07-22T16:15:20+02:00,s2_igpu,198,14.5,49,757,49,38,1496,1713,39,7.90,210,0,1.77
2026-07-22T16:15:23+02:00,s2_igpu,200,12.3,50,724,49,38,1488,1713,39,7.88,210,0,1.77
2026-07-22T16:15:25+02:00,s2_igpu,203,13.1,50,1049,49,38,1483,1708,39,7.92,210,0,2.27
2026-07-22T16:15:27+02:00,s2_igpu,205,36.1,50,677,49,38,1475,1773,39,8.00,210,0,2.27
2026-07-22T16:15:29+02:00,s2_igpu,207,12.5,50,691,49,38,1493,1767,39,7.93,210,0,2.33
2026-07-22T16:15:32+02:00,s2_igpu,209,21.6,56,1078,49,38,1496,1834,39,7.84,210,0,2.33
2026-07-22T16:15:34+02:00,s2_igpu,212,21.1,51,825,49,38,1508,1760,39,7.87,210,0,2.33
2026-07-22T16:15:36+02:00,s2_igpu,214,16.1,51,966,49,38,1475,1668,39,7.77,210,0,2.39
2026-07-22T16:15:39+02:00,s2_igpu,216,12.1,50,676,49,38,1500,1656,39,7.83,210,0,2.39
2026-07-22T16:15:41+02:00,s2_igpu,219,13.2,48,754,49,38,1503,1691,39,7.88,210,0,2.19
2026-07-22T16:15:43+02:00,s2_igpu,221,10.1,49,730,49,38,1477,1677,39,7.96,210,0,2.19
2026-07-22T16:15:45+02:00,s2_igpu,223,10.7,49,724,49,38,1473,1662,39,7.99,210,0,2.02
2026-07-22T16:15:48+02:00,s2_igpu,225,11.2,49,888,49,38,1477,1698,39,7.94,210,0,2.02
2026-07-22T16:15:50+02:00,s2_igpu,228,17.1,50,759,49,38,1483,1660,39,7.88,210,0,1.86
2026-07-22T16:15:52+02:00,s2_igpu,230,10.5,49,756,49,38,1470,1681,39,7.91,210,0,1.86
2026-07-22T16:15:55+02:00,s2_igpu,232,10.1,49,751,49,38,1480,1695,39,7.88,210,0,1.87
2026-07-22T16:15:57+02:00,s2_igpu,235,10.8,65,1167,49,38,1468,1693,39,7.89,210,0,1.87
2026-07-22T16:15:59+02:00,s2_igpu,237,25.3,50,743,49,38,1480,1773,39,7.94,210,0,1.87
2026-07-22T16:16:01+02:00,s2_igpu,239,19.0,49,690,49,38,1475,1819,39,7.99,210,0,1.80
2026-07-22T16:16:04+02:00,s2_igpu,241,10.5,49,699,49,38,1472,1744,39,7.94,210,0,1.80
2026-07-22T16:16:06+02:00,s2_igpu,244,10.6,49,759,49,38,1481,1695,39,7.90,210,0,1.65
2026-07-22T16:16:08+02:00,s2_igpu,246,9.8,49,752,49,38,1472,1666,39,7.87,210,0,1.65
2026-07-22T16:16:11+02:00,s2_igpu,248,9.9,48,757,49,38,1478,1691,39,7.87,210,0,1.60
2026-07-22T16:16:13+02:00,s2_igpu,251,10.0,49,706,49,38,1486,1689,39,7.87,210,0,1.60
2026-07-22T16:16:15+02:00,s2_igpu,253,10.9,48,736,49,38,1462,1681,39,7.80,210,0,1.47
2026-07-22T16:16:18+02:00,s2_igpu,255,10.7,48,683,48,38,1477,1677,39,7.91,210,0,1.47
2026-07-22T16:16:20+02:00,s2_igpu,258,12.8,48,683,48,38,1478,1677,39,7.97,210,0,1.43
2026-07-22T16:16:22+02:00,s2_igpu,260,10.2,47,766,48,38,1486,1677,39,7.80,210,0,1.43
2026-07-22T16:16:25+02:00,s2_igpu,262,11.5,48,781,48,38,1462,1668,39,7.77,210,0,1.40
2026-07-22T16:16:27+02:00,s2_igpu,265,10.2,61,1189,48,38,1485,1646,39,7.74,210,0,1.40
2026-07-22T16:16:29+02:00,s2_igpu,267,34.8,61,1177,48,38,1461,1687,39,7.75,210,0,1.40
2026-07-22T16:16:31+02:00,s2_igpu,269,19.4,49,778,48,38,1483,1834,39,7.80,210,0,2.09
2026-07-22T16:16:33+02:00,s2_igpu,271,14.8,48,966,48,38,1464,1679,39,7.82,210,0,2.09
2026-07-22T16:16:36+02:00,s2_igpu,273,15.4,48,887,48,38,1478,1687,39,7.82,210,0,2.08
2026-07-22T16:16:38+02:00,s2_igpu,276,12.8,49,744,48,38,1472,1677,39,7.80,210,0,2.08
2026-07-22T16:16:40+02:00,s2_igpu,278,10.7,48,761,48,38,1478,1666,39,7.82,210,0,1.91
2026-07-22T16:16:42+02:00,s2_igpu,280,10.5,48,705,48,38,1478,1670,39,7.85,210,0,1.91
2026-07-22T16:16:45+02:00,s2_igpu,282,10.4,48,759,48,38,1475,1672,39,7.83,210,0,1.92
2026-07-22T16:16:47+02:00,s2_igpu,285,10.6,48,732,48,38,1483,1674,39,7.86,210,0,1.92
2026-07-22T16:16:49+02:00,s2_igpu,287,13.0,49,761,48,38,1468,1660,39,7.85,210,0,1.92
2026-07-22T16:16:52+02:00,s2_igpu,289,10.4,48,748,48,38,1477,1670,39,7.73,210,0,1.93
2026-07-22T16:16:54+02:00,s2_igpu,292,10.3,48,722,48,38,1483,1634,39,7.75,210,0,1.93
2026-07-22T16:16:56+02:00,s2_igpu,294,10.3,48,707,48,38,1462,1646,39,7.81,210,0,1.77
2026-07-22T16:16:59+02:00,s2_igpu,296,10.2,47,731,48,38,1483,1636,39,7.79,210,0,1.77
2026-07-22T16:17:01+02:00,s2_igpu,299,33.9,50,748,48,38,1464,1683,39,7.75,210,0,2.43
2026-07-22T16:17:06+02:00,cooldown_after_s2_igpu,2,8.8,48,756,48,38,1485,1634,39,7.79,210,0,2.24
2026-07-22T16:17:09+02:00,cooldown_after_s2_igpu,4,8.2,47,775,48,38,1464,1636,39,7.84,210,0,2.24
2026-07-22T16:17:11+02:00,cooldown_after_s2_igpu,7,11.4,48,774,48,38,1464,1672,39,7.81,210,0,2.14
2026-07-22T16:17:13+02:00,cooldown_after_s2_igpu,9,11.2,48,754,48,38,1490,1677,39,7.82,210,0,2.14
2026-07-22T16:17:15+02:00,cooldown_after_s2_igpu,11,10.7,48,734,48,38,1468,1656,39,7.93,210,0,1.97
2026-07-22T16:17:18+02:00,cooldown_after_s2_igpu,13,8.1,48,763,48,38,1478,1640,39,7.87,210,0,1.97
2026-07-22T16:17:20+02:00,cooldown_after_s2_igpu,16,18.7,48,768,48,38,1468,1679,39,7.83,210,0,1.97
2026-07-22T16:17:22+02:00,cooldown_after_s2_igpu,18,9.1,48,726,48,38,1465,1672,39,7.87,210,0,1.97
2026-07-22T16:17:24+02:00,cooldown_after_s2_igpu,20,10.7,47,688,48,38,1480,1624,39,7.94,210,0,1.97
2026-07-22T16:17:27+02:00,cooldown_after_s2_igpu,22,8.7,47,798,48,38,1467,1632,39,7.91,210,0,1.89
2026-07-22T16:17:29+02:00,cooldown_after_s2_igpu,25,18.3,48,759,48,38,1480,1664,39,7.80,210,0,1.89
2026-07-22T16:17:31+02:00,cooldown_after_s2_igpu,27,28.4,51,1199,48,38,1464,1802,39,7.78,210,0,1.90
2026-07-22T16:17:33+02:00,cooldown_after_s2_igpu,29,14.3,48,829,48,38,1493,1704,39,7.82,210,0,1.90
2026-07-22T16:17:36+02:00,cooldown_after_s2_igpu,31,11.5,48,722,48,38,1470,1685,39,7.83,210,0,1.83
2026-07-22T16:17:38+02:00,cooldown_after_s2_igpu,34,11.8,48,848,48,38,1493,1679,39,7.83,210,0,1.83
2026-07-22T16:17:40+02:00,cooldown_after_s2_igpu,36,9.9,48,865,48,38,1498,1644,39,7.81,210,0,1.84
2026-07-22T16:17:43+02:00,cooldown_after_s2_igpu,38,9.4,48,805,48,38,1488,1654,39,7.88,210,0,1.84
2026-07-22T16:17:45+02:00,cooldown_after_s2_igpu,41,8.8,47,774,48,38,1488,1677,39,7.83,210,0,1.69
2026-07-22T16:17:47+02:00,cooldown_after_s2_igpu,43,9.1,47,940,48,38,1464,1679,39,7.78,210,0,1.69
2026-07-22T16:17:49+02:00,cooldown_after_s2_igpu,45,12.9,47,744,48,38,1495,1666,39,7.80,210,0,1.69
2026-07-22T16:17:52+02:00,cooldown_after_s2_igpu,47,10.2,47,715,47,38,1486,1636,39,7.84,210,0,1.56
2026-07-22T16:17:54+02:00,cooldown_after_s2_igpu,50,10.8,48,702,47,38,1472,1624,39,7.87,210,0,1.56
2026-07-22T16:17:56+02:00,cooldown_after_s2_igpu,52,8.9,48,732,47,38,1491,1612,39,7.88,210,0,1.59
2026-07-22T16:17:59+02:00,cooldown_after_s2_igpu,54,10.1,47,740,47,38,1486,1670,39,7.83,210,0,1.59
2026-07-22T16:18:01+02:00,cooldown_after_s2_igpu,57,16.4,47,757,47,38,1465,1672,39,7.90,210,0,1.79
2026-07-22T16:18:03+02:00,cooldown_after_s2_igpu,59,22.3,61,1138,47,38,1485,1698,39,7.90,210,0,1.79
2026-07-22T16:18:06+02:00,cooldown_after_s2_igpu,61,12.1,47,677,47,38,1472,1797,39,7.83,210,0,2.12
2026-07-22T16:18:08+02:00,cooldown_after_s2_igpu,64,9.7,47,747,47,38,1470,1612,39,7.88,210,0,2.12
2026-07-22T16:18:10+02:00,cooldown_after_s2_igpu,66,11.7,53,738,47,38,1483,1607,39,7.83,210,0,2.28
2026-07-22T16:18:12+02:00,cooldown_after_s2_igpu,68,18.8,48,694,47,38,1491,1652,39,7.81,210,0,2.28
2026-07-22T16:18:15+02:00,cooldown_after_s2_igpu,70,17.7,48,710,47,38,1472,1662,39,7.85,210,0,2.25
2026-07-22T16:18:17+02:00,cooldown_after_s2_igpu,73,11.3,48,700,47,38,1478,1630,39,7.76,210,0,2.25
2026-07-22T16:18:19+02:00,cooldown_after_s2_igpu,75,12.9,48,667,47,38,1488,1644,39,7.82,210,0,2.25
2026-07-22T16:18:22+02:00,cooldown_after_s2_igpu,77,10.4,47,746,47,38,1485,1650,39,7.82,210,0,2.39
2026-07-22T16:18:24+02:00,cooldown_after_s2_igpu,80,9.8,47,1084,47,38,1503,1648,39,7.84,210,0,2.39
2026-07-22T16:18:26+02:00,cooldown_after_s2_igpu,82,10.9,47,722,47,38,1495,1648,39,7.81,210,0,2.36
2026-07-22T16:18:28+02:00,cooldown_after_s2_igpu,84,9.8,47,791,47,38,1501,1650,39,7.72,210,0,2.36
2026-07-22T16:18:31+02:00,cooldown_after_s2_igpu,86,26.5,47,1068,47,38,1486,1713,39,7.77,210,0,2.41
2026-07-22T16:18:33+02:00,cooldown_after_s2_igpu,89,14.2,48,1005,47,38,1473,1713,39,7.74,210,0,2.41
2026-07-22T16:18:35+02:00,cooldown_after_s2_igpu,91,29.3,48,1140,47,38,1488,1732,39,7.71,210,0,2.54
2026-07-22T16:18:37+02:00,cooldown_after_s2_igpu,93,12.6,48,727,47,38,1477,1624,39,7.72,210,0,2.54
2026-07-22T16:18:40+02:00,cooldown_after_s2_igpu,95,10.0,47,1069,47,38,1488,1610,39,7.70,210,0,2.54
2026-07-22T16:18:42+02:00,cooldown_after_s2_igpu,98,10.4,47,768,47,38,1491,1618,39,7.68,210,0,2.50
2026-07-22T16:18:44+02:00,cooldown_after_s2_igpu,100,9.8,47,707,47,38,1472,1620,39,7.69,210,0,2.50
2026-07-22T16:18:47+02:00,cooldown_after_s2_igpu,102,10.9,47,727,47,38,1495,1622,39,7.72,210,0,2.54
2026-07-22T16:18:49+02:00,cooldown_after_s2_igpu,105,13.8,48,746,47,38,1488,1624,39,7.78,210,0,2.54
2026-07-22T16:18:51+02:00,cooldown_after_s2_igpu,107,10.7,47,766,47,38,1496,1664,39,7.77,210,0,2.41
2026-07-22T16:18:53+02:00,cooldown_after_s2_igpu,109,8.2,45,772,47,38,1488,1650,39,7.70,210,0,2.41
2026-07-22T16:18:56+02:00,cooldown_after_s2_igpu,111,8.2,47,804,47,38,1481,1628,39,7.81,210,0,2.22
2026-07-22T16:18:58+02:00,cooldown_after_s2_igpu,114,8.3,47,803,47,38,1461,1626,39,7.80,210,0,2.22
2026-07-22T16:19:00+02:00,cooldown_after_s2_igpu,116,15.3,48,744,47,38,1475,1610,39,7.76,210,0,2.12
2026-07-22T16:19:02+02:00,cooldown_after_s2_igpu,118,12.7,50,1186,47,38,1478,1760,39,7.72,210,0,2.12
2026-07-22T16:19:07+02:00,s3_gpu,2,44.4,65,1195,47,38,1513,1890,52,145.32,2490,100,2.59
2026-07-22T16:19:09+02:00,s3_gpu,4,32.6,63,1191,47,38,1488,1904,53,145.59,2475,100,2.59
2026-07-22T16:19:11+02:00,s3_gpu,6,32.0,63,1169,47,38,1480,1896,54,147.23,2490,100,2.46
2026-07-22T16:19:13+02:00,s3_gpu,8,32.6,65,1199,47,38,1486,1841,54,145.91,2490,100,2.46
2026-07-22T16:19:15+02:00,s3_gpu,10,32.1,63,1181,47,38,1464,1788,55,145.31,2490,100,2.35
2026-07-22T16:19:18+02:00,s3_gpu,12,39.4,66,1197,47,38,1481,1771,55,146.12,2490,100,2.35
2026-07-22T16:19:20+02:00,s3_gpu,15,42.2,63,1194,48,38,1468,1783,55,146.22,2505,100,2.24
2026-07-22T16:19:22+02:00,s3_gpu,17,34.7,66,1154,48,38,1493,1753,55,145.15,2490,100,2.24
2026-07-22T16:19:24+02:00,s3_gpu,19,34.7,65,1199,48,38,1490,1741,55,146.05,2475,100,2.24
2026-07-22T16:19:26+02:00,s3_gpu,21,40.2,67,1198,48,38,1478,1753,56,145.87,2475,100,2.46
2026-07-22T16:19:28+02:00,s3_gpu,23,38.6,66,1199,48,38,1468,1771,56,146.17,2475,100,2.46
2026-07-22T16:19:30+02:00,s3_gpu,25,47.2,65,1197,48,38,1473,1816,56,146.27,2490,100,2.66
2026-07-22T16:19:32+02:00,s3_gpu,27,49.7,68,1198,48,38,1488,1816,57,146.34,2505,100,2.66
2026-07-22T16:19:35+02:00,s3_gpu,29,43.9,69,1198,48,38,1465,1885,56,146.16,2460,100,2.66
2026-07-22T16:19:37+02:00,s3_gpu,32,46.0,68,1199,49,38,1467,1839,57,145.11,2505,100,2.93
2026-07-22T16:19:39+02:00,s3_gpu,34,35.4,68,1182,49,38,1485,1846,57,145.35,2505,100,2.93
2026-07-22T16:19:41+02:00,s3_gpu,36,32.6,67,1197,49,38,1468,1755,57,145.99,2475,100,2.78
2026-07-22T16:19:43+02:00,s3_gpu,38,33.1,68,1185,49,38,1480,1744,57,145.95,2490,100,2.78
2026-07-22T16:19:45+02:00,s3_gpu,40,32.9,68,1180,49,38,1465,1792,57,145.60,2475,100,2.63
2026-07-22T16:19:47+02:00,s3_gpu,42,40.2,70,1187,49,38,1490,1792,57,145.19,2490,100,2.63
2026-07-22T16:19:50+02:00,s3_gpu,44,40.2,69,1197,49,38,1470,1864,58,145.60,2475,100,2.63
2026-07-22T16:19:52+02:00,s3_gpu,47,33.7,66,1192,49,38,1488,1851,58,145.24,2490,100,2.50
2026-07-22T16:19:54+02:00,s3_gpu,49,32.1,69,1167,49,38,1483,1781,58,145.39,2490,100,2.50
2026-07-22T16:19:56+02:00,s3_gpu,51,31.6,66,1106,49,38,1470,1771,58,144.96,2475,100,2.38
2026-07-22T16:19:58+02:00,s3_gpu,53,32.4,69,1178,49,38,1483,1757,58,145.61,2490,100,2.38
2026-07-22T16:20:00+02:00,s3_gpu,55,37.9,69,1195,49,38,1486,1760,58,145.38,2460,100,2.35
2026-07-22T16:20:02+02:00,s3_gpu,57,36.4,69,1146,49,38,1483,1834,58,145.21,2505,100,2.35
2026-07-22T16:20:05+02:00,s3_gpu,59,33.1,69,1155,50,38,1483,1771,59,145.50,2460,100,2.35
2026-07-22T16:20:07+02:00,s3_gpu,62,35.0,69,1103,50,38,1473,1821,59,145.91,2490,100,2.24
2026-07-22T16:20:09+02:00,s3_gpu,64,43.7,69,1152,50,38,1488,1812,59,144.90,2490,100,2.24
2026-07-22T16:20:11+02:00,s3_gpu,66,32.8,70,1139,50,38,1473,1826,59,145.28,2490,100,2.22
2026-07-22T16:20:13+02:00,s3_gpu,68,32.0,69,1188,50,38,1483,1795,59,145.56,2475,100,2.22
2026-07-22T16:20:15+02:00,s3_gpu,70,32.5,69,1156,50,38,1475,1819,59,145.51,2505,100,2.13
2026-07-22T16:20:17+02:00,s3_gpu,72,33.3,70,1151,50,38,1485,1836,59,145.78,2505,100,2.13
2026-07-22T16:20:20+02:00,s3_gpu,74,35.2,66,1164,50,38,1478,1839,59,145.75,2460,100,2.13
2026-07-22T16:20:22+02:00,s3_gpu,77,33.5,71,1173,50,38,1490,1819,59,145.29,2460,100,2.04
2026-07-22T16:20:24+02:00,s3_gpu,79,33.4,71,1175,50,38,1481,1851,60,146.08,2490,100,2.04
2026-07-22T16:20:26+02:00,s3_gpu,81,32.9,70,1186,50,38,1498,1836,60,145.43,2475,100,1.95
2026-07-22T16:20:28+02:00,s3_gpu,83,32.9,69,1194,50,38,1501,1819,60,145.89,2490,100,1.95
2026-07-22T16:20:30+02:00,s3_gpu,85,36.1,56,1199,50,38,1501,1851,60,145.27,2460,100,1.88
2026-07-22T16:20:32+02:00,s3_gpu,87,52.0,74,1194,51,38,1478,1909,60,144.70,2490,100,1.88
2026-07-22T16:20:34+02:00,s3_gpu,89,39.3,69,1166,51,38,1505,1991,60,145.29,2460,100,1.88
2026-07-22T16:20:37+02:00,s3_gpu,91,34.7,73,1050,51,38,1483,1909,60,146.65,2475,100,1.81
2026-07-22T16:20:39+02:00,s3_gpu,94,41.9,76,1110,51,38,1488,1920,60,144.54,2490,100,1.81
2026-07-22T16:20:41+02:00,s3_gpu,96,34.5,72,1162,51,38,1510,1917,60,145.86,2490,100,1.74
2026-07-22T16:20:43+02:00,s3_gpu,98,33.6,69,1196,51,38,1505,1896,60,146.33,2490,100,1.74
2026-07-22T16:20:45+02:00,s3_gpu,100,33.4,71,1181,51,38,1468,1906,60,145.31,2475,100,1.68
2026-07-22T16:20:47+02:00,s3_gpu,102,34.3,71,1198,51,38,1467,1906,60,145.02,2490,100,1.68
2026-07-22T16:20:49+02:00,s3_gpu,104,35.6,71,1165,51,38,1491,1898,60,145.46,2475,100,1.68
2026-07-22T16:20:52+02:00,s3_gpu,106,33.9,73,1198,51,38,1493,1888,61,145.75,2475,100,1.63
2026-07-22T16:20:54+02:00,s3_gpu,109,33.8,74,1193,51,38,1485,1901,61,144.30,2475,100,1.63
2026-07-22T16:20:56+02:00,s3_gpu,111,32.6,73,1187,52,38,1467,1896,61,145.29,2475,100,1.58
2026-07-22T16:20:58+02:00,s3_gpu,113,32.9,73,1152,52,38,1468,1898,61,145.80,2475,100,1.58
2026-07-22T16:21:00+02:00,s3_gpu,115,37.2,77,1200,52,38,1488,1862,61,145.34,2475,100,1.85
2026-07-22T16:21:02+02:00,s3_gpu,117,36.1,71,1190,52,38,1485,1934,61,144.24,2475,100,1.85
2026-07-22T16:21:04+02:00,s3_gpu,119,34.1,71,1108,52,38,1496,1923,61,145.45,2445,100,1.85
2026-07-22T16:21:07+02:00,s3_gpu,121,34.8,74,1171,52,38,1473,1882,61,145.60,2490,100,1.78
2026-07-22T16:21:09+02:00,s3_gpu,124,33.6,73,1153,52,38,1483,1909,61,145.32,2475,100,1.78
2026-07-22T16:21:11+02:00,s3_gpu,126,43.8,74,1178,52,38,1510,1953,61,145.55,2475,100,1.72
2026-07-22T16:21:13+02:00,s3_gpu,128,33.1,69,1050,52,38,1508,1967,61,146.31,2475,100,1.72
2026-07-22T16:21:15+02:00,s3_gpu,130,33.9,74,1188,52,38,1477,1906,61,144.43,2490,100,1.98
2026-07-22T16:21:17+02:00,s3_gpu,132,34.5,69,1165,52,38,1500,1953,61,145.19,2460,100,1.98
2026-07-22T16:21:19+02:00,s3_gpu,134,35.4,73,1198,52,38,1488,1925,61,145.71,2490,100,1.98
2026-07-22T16:21:22+02:00,s3_gpu,136,34.7,74,1165,53,38,1495,1959,61,144.88,2460,100,1.90
2026-07-22T16:21:24+02:00,s3_gpu,139,33.7,74,1200,53,38,1493,1962,62,145.91,2475,100,1.90
2026-07-22T16:21:26+02:00,s3_gpu,141,34.4,70,1197,53,38,1503,1970,62,145.56,2505,100,1.91
2026-07-22T16:21:28+02:00,s3_gpu,143,34.3,76,1108,53,38,1488,1970,62,146.10,2475,100,1.91
2026-07-22T16:21:30+02:00,s3_gpu,145,35.9,76,1144,53,38,1488,1896,62,144.95,2490,100,1.84
2026-07-22T16:21:32+02:00,s3_gpu,147,53.5,77,1184,53,38,1535,1970,62,145.77,2460,100,1.84
2026-07-22T16:21:34+02:00,s3_gpu,149,41.5,74,1169,53,38,1553,2000,62,145.81,2460,100,1.84
2026-07-22T16:21:37+02:00,s3_gpu,151,35.2,76,1188,53,38,1521,1988,62,145.16,2475,100,1.77
2026-07-22T16:21:39+02:00,s3_gpu,154,37.5,76,1181,53,38,1520,1994,62,145.18,2460,100,1.77
2026-07-22T16:21:41+02:00,s3_gpu,156,44.8,77,1189,53,38,1501,1962,62,146.23,2475,100,1.87
2026-07-22T16:21:43+02:00,s3_gpu,158,37.2,76,1193,53,38,1553,2048,62,145.34,2475,100,1.87
2026-07-22T16:21:45+02:00,s3_gpu,160,36.4,77,1163,53,38,1546,1976,62,144.89,2505,100,1.88
2026-07-22T16:21:47+02:00,s3_gpu,162,37.0,77,1193,54,38,1496,1956,62,145.50,2475,100,1.88
2026-07-22T16:21:49+02:00,s3_gpu,164,39.0,77,1188,54,38,1534,2023,62,145.18,2490,100,1.88
2026-07-22T16:21:51+02:00,s3_gpu,166,38.0,74,1169,54,39,1535,2008,62,144.97,2460,100,1.89
2026-07-22T16:21:54+02:00,s3_gpu,168,35.7,77,1119,54,39,1541,2030,62,145.83,2490,100,1.89
2026-07-22T16:21:56+02:00,s3_gpu,171,38.7,78,1152,54,39,1539,2002,62,145.94,2475,100,1.82
2026-07-22T16:21:58+02:00,s3_gpu,173,40.5,78,1099,54,39,1562,2005,62,146.12,2490,100,1.82
2026-07-22T16:22:00+02:00,s3_gpu,175,45.8,80,1192,54,39,1573,2076,62,145.41,2475,100,2.07
2026-07-22T16:22:02+02:00,s3_gpu,177,46.1,80,1196,54,39,1603,2102,62,145.61,2490,100,2.07
2026-07-22T16:22:04+02:00,s3_gpu,179,42.1,78,1194,54,39,1595,2061,62,145.37,2490,100,2.07
2026-07-22T16:22:06+02:00,s3_gpu,181,42.1,77,1197,54,39,1620,2070,62,145.65,2475,100,1.99
2026-07-22T16:22:09+02:00,s3_gpu,183,41.2,80,1191,54,39,1610,2061,62,145.48,2460,100,1.99
2026-07-22T16:22:11+02:00,s3_gpu,186,44.3,80,1198,55,38,1622,2109,62,145.19,2475,100,1.91
2026-07-22T16:22:13+02:00,s3_gpu,188,58.2,88,1196,55,38,1634,2136,62,145.80,2445,100,1.91
2026-07-22T16:22:15+02:00,s3_gpu,190,57.3,84,1198,55,38,1658,2528,62,146.45,2475,100,2.08
2026-07-22T16:22:17+02:00,s3_gpu,192,50.5,84,1196,55,38,1650,2372,62,145.40,2445,100,2.08
2026-07-22T16:22:19+02:00,s3_gpu,194,50.7,78,1195,55,38,1658,2261,62,145.59,2490,100,2.08
2026-07-22T16:22:21+02:00,s3_gpu,196,45.9,82,1191,55,38,1652,2436,62,146.47,2460,100,2.23
2026-07-22T16:22:24+02:00,s3_gpu,198,39.9,80,1169,55,38,1652,2227,63,145.52,2490,100,2.23
2026-07-22T16:22:26+02:00,s3_gpu,201,39.4,80,1159,55,38,1630,2153,62,145.40,2460,100,2.21
2026-07-22T16:22:28+02:00,s3_gpu,203,40.7,80,1188,55,38,1658,2112,62,145.16,2490,100,2.21
2026-07-22T16:22:30+02:00,s3_gpu,205,38.5,80,1164,55,38,1593,2083,62,144.72,2475,100,2.11
2026-07-22T16:22:32+02:00,s3_gpu,207,54.3,82,1192,55,38,1616,2083,62,145.22,2460,100,2.11
2026-07-22T16:22:34+02:00,s3_gpu,209,43.1,80,1120,56,38,1648,2083,62,145.65,2475,100,2.11
2026-07-22T16:22:36+02:00,s3_gpu,211,37.4,82,1186,56,38,1622,2112,63,145.79,2460,100,2.10
2026-07-22T16:22:39+02:00,s3_gpu,213,36.2,80,1189,56,38,1632,2089,62,145.60,2490,100,2.10
2026-07-22T16:22:41+02:00,s3_gpu,216,36.2,80,1189,56,38,1607,2061,62,145.54,2475,100,2.02
2026-07-22T16:22:43+02:00,s3_gpu,218,45.3,84,1126,56,38,1632,2051,62,145.95,2490,100,2.02
2026-07-22T16:22:45+02:00,s3_gpu,220,37.7,81,1116,56,38,1622,2096,62,145.53,2445,100,1.93
2026-07-22T16:22:47+02:00,s3_gpu,222,36.6,80,1160,56,38,1618,2099,62,146.23,2475,100,1.93
2026-07-22T16:22:49+02:00,s3_gpu,224,37.6,80,1143,56,38,1612,2045,62,146.12,2460,100,1.93
2026-07-22T16:22:51+02:00,s3_gpu,226,37.0,81,1199,56,39,1607,2070,62,145.79,2475,100,1.86
2026-07-22T16:22:53+02:00,s3_gpu,228,36.3,80,1184,56,38,1626,2033,62,145.78,2475,100,1.86
2026-07-22T16:22:56+02:00,s3_gpu,230,36.5,81,1175,56,39,1597,2039,62,146.10,2460,100,1.79
2026-07-22T16:22:58+02:00,s3_gpu,233,47.8,81,1199,56,39,1597,2027,62,145.71,2490,100,1.79
2026-07-22T16:23:00+02:00,s3_gpu,235,50.4,82,1117,56,39,1640,2372,62,145.36,2475,100,1.89
2026-07-22T16:23:02+02:00,s3_gpu,237,40.0,81,1147,56,39,1652,2213,62,145.55,2475,100,1.89
2026-07-22T16:23:04+02:00,s3_gpu,239,36.1,80,1194,56,39,1640,2086,62,145.57,2475,100,1.89
2026-07-22T16:23:06+02:00,s3_gpu,241,37.5,80,1193,56,39,1626,2086,63,145.05,2505,100,1.82
2026-07-22T16:23:08+02:00,s3_gpu,243,37.2,80,1136,56,39,1624,2096,62,145.98,2460,100,1.82
2026-07-22T16:23:11+02:00,s3_gpu,245,35.8,80,1123,56,39,1614,2083,63,145.61,2490,100,1.75
2026-07-22T16:23:13+02:00,s3_gpu,248,36.7,81,1191,56,39,1618,2039,63,146.05,2460,100,1.75
2026-07-22T16:23:15+02:00,s3_gpu,250,45.9,81,1176,57,39,1636,2170,62,145.79,2475,100,1.77
2026-07-22T16:23:17+02:00,s3_gpu,252,36.5,80,1177,57,39,1638,2115,62,145.65,2475,100,1.77
2026-07-22T16:23:19+02:00,s3_gpu,254,38.5,82,1195,57,39,1646,2067,63,145.61,2505,100,1.77
2026-07-22T16:23:21+02:00,s3_gpu,256,36.8,81,1165,57,39,1626,2057,63,145.79,2475,100,1.71
2026-07-22T16:23:23+02:00,s3_gpu,258,36.9,81,1183,57,39,1614,2086,62,146.45,2460,100,1.71
2026-07-22T16:23:26+02:00,s3_gpu,260,37.7,81,1174,57,39,1632,2076,63,145.84,2475,100,1.65
2026-07-22T16:23:28+02:00,s3_gpu,263,36.2,82,1156,57,39,1634,2093,62,145.70,2445,100,1.65
2026-07-22T16:23:30+02:00,s3_gpu,265,39.0,82,1095,57,39,1626,2093,63,145.73,2490,100,1.76
2026-07-22T16:23:32+02:00,s3_gpu,267,52.7,84,1199,57,39,1638,2109,62,145.14,2460,100,1.76
2026-07-22T16:23:34+02:00,s3_gpu,269,43.7,81,1154,57,39,1670,2292,63,145.96,2490,100,1.76
2026-07-22T16:23:36+02:00,s3_gpu,271,37.4,81,1194,57,39,1646,2153,63,145.51,2475,100,1.70
2026-07-22T16:23:38+02:00,s3_gpu,273,37.0,81,1127,57,39,1638,2096,63,146.06,2490,100,1.70
2026-07-22T16:23:41+02:00,s3_gpu,275,37.4,81,1190,57,39,1656,2129,63,145.57,2475,100,1.88
2026-07-22T16:23:43+02:00,s3_gpu,278,36.3,82,1081,57,39,1640,2076,63,146.01,2475,100,1.88
2026-07-22T16:23:45+02:00,s3_gpu,280,45.1,86,1189,57,39,1630,2076,63,146.19,2490,100,1.88
2026-07-22T16:23:47+02:00,s3_gpu,282,37.6,82,1180,57,39,1670,2188,62,145.96,2460,100,1.89
2026-07-22T16:23:49+02:00,s3_gpu,284,38.4,82,1196,57,39,1646,2149,63,145.30,2490,100,1.89
2026-07-22T16:23:51+02:00,s3_gpu,286,37.7,82,1166,57,39,1652,2086,63,145.78,2460,100,1.90
2026-07-22T16:23:53+02:00,s3_gpu,288,36.2,81,1161,58,39,1650,2129,63,145.41,2490,100,1.90
2026-07-22T16:23:56+02:00,s3_gpu,290,36.9,81,1161,57,39,1620,2099,63,144.96,2490,100,1.83
2026-07-22T16:23:58+02:00,s3_gpu,293,38.5,84,1188,58,39,1632,2119,63,145.66,2460,100,1.83
2026-07-22T16:24:00+02:00,s3_gpu,295,41.1,88,1190,58,39,1654,2184,63,145.86,2475,100,1.83
2026-07-22T16:24:02+02:00,s3_gpu,297,45.5,82,1145,58,39,1642,2331,63,144.67,2475,100,2.00
2026-07-22T16:24:04+02:00,s3_gpu,299,39.1,81,1173,58,39,1664,2250,63,145.62,2475,100,2.00
2026-07-22T16:24:06+02:00,s3_gpu,301,41.3,85,1136,58,39,1634,2119,63,145.49,2490,100,1.92
2026-07-22T16:24:08+02:00,s3_gpu,303,40.5,82,1170,58,39,1654,2253,63,145.48,2505,100,1.92
2026-07-22T16:24:10+02:00,s3_gpu,305,41.1,82,1167,58,39,1642,2146,63,145.97,2460,100,1.85
2026-07-22T16:24:13+02:00,s3_gpu,307,41.6,82,1178,58,39,1666,2257,62,145.22,2490,100,1.85
2026-07-22T16:24:15+02:00,s3_gpu,310,46.4,84,1190,58,39,1642,2238,63,145.31,2490,100,1.85
2026-07-22T16:24:17+02:00,s3_gpu,312,49.5,82,1194,58,39,1644,2459,63,145.54,2460,100,2.02
2026-07-22T16:24:19+02:00,s3_gpu,314,40.2,85,1196,58,39,1668,2250,62,145.07,2490,100,2.02
2026-07-22T16:24:21+02:00,s3_gpu,316,40.3,82,1154,58,39,1646,2213,63,145.27,2475,100,1.94
2026-07-22T16:24:23+02:00,s3_gpu,318,41.2,82,1192,58,39,1658,2265,62,145.90,2460,100,1.94
2026-07-22T16:24:25+02:00,s3_gpu,320,46.9,82,1176,58,39,1644,2250,63,145.80,2475,100,2.10
2026-07-22T16:24:28+02:00,s3_gpu,322,42.1,82,1152,58,39,1664,2272,63,145.59,2475,100,2.10
2026-07-22T16:24:30+02:00,s3_gpu,325,37.7,93,1191,58,39,1646,2303,63,146.18,2490,100,2.10
2026-07-22T16:24:32+02:00,s3_gpu,327,49.7,82,1199,58,39,1658,2216,63,145.87,2460,100,2.02
2026-07-22T16:24:34+02:00,s3_gpu,329,49.5,84,1192,59,39,1644,2209,63,145.03,2490,100,2.02
2026-07-22T16:24:36+02:00,s3_gpu,331,47.2,82,1198,59,39,1670,2406,63,145.75,2460,100,2.09
2026-07-22T16:24:38+02:00,s3_gpu,333,46.6,85,1195,59,39,1644,2432,62,145.76,2445,100,2.09
2026-07-22T16:24:40+02:00,s3_gpu,335,46.3,85,1190,59,39,1658,2500,62,145.70,2490,100,2.17
2026-07-22T16:24:42+02:00,s3_gpu,337,46.0,85,1194,59,39,1646,2472,63,144.82,2460,100,2.17
2026-07-22T16:24:45+02:00,s3_gpu,339,46.0,85,1176,59,39,1648,2360,62,145.53,2445,100,2.17
2026-07-22T16:24:47+02:00,s3_gpu,342,52.4,86,1200,59,39,1660,2537,63,144.99,2490,100,2.15
2026-07-22T16:24:49+02:00,s3_gpu,344,50.3,88,1190,59,39,1642,2532,63,145.49,2490,100,2.15
2026-07-22T16:24:51+02:00,s3_gpu,346,46.7,84,1191,59,39,1662,2542,63,144.87,2505,100,2.30
2026-07-22T16:24:53+02:00,s3_gpu,348,46.8,86,1192,59,39,1644,2450,63,145.96,2475,100,2.30
2026-07-22T16:24:55+02:00,s3_gpu,350,45.5,83,1180,59,39,1660,2504,62,145.89,2475,100,2.52
2026-07-22T16:24:57+02:00,s3_gpu,352,45.9,85,1198,59,39,1644,2432,63,145.71,2475,100,2.52
2026-07-22T16:25:00+02:00,s3_gpu,354,47.8,88,1139,59,39,1670,2486,62,146.00,2475,100,2.52
2026-07-22T16:25:02+02:00,s3_gpu,357,50.2,85,1177,60,39,1642,2459,63,145.64,2490,100,2.48
2026-07-22T16:25:04+02:00,s3_gpu,359,47.1,86,1186,60,39,1658,2490,63,145.26,2475,100,2.48
2026-07-22T16:25:06+02:00,s3_gpu,361,43.3,84,1185,60,39,1646,2454,63,145.66,2460,100,2.36
2026-07-22T16:25:08+02:00,s3_gpu,363,38.1,84,1199,60,39,1668,2265,63,145.74,2490,100,2.36
2026-07-22T16:25:10+02:00,s3_gpu,365,37.2,84,1171,60,39,1642,2261,63,145.81,2460,100,2.25
2026-07-22T16:25:12+02:00,s3_gpu,367,35.9,84,1192,60,39,1644,2177,63,146.25,2475,100,2.25
2026-07-22T16:25:15+02:00,s3_gpu,369,36.0,82,1094,60,39,1642,2125,63,145.68,2460,100,2.25
2026-07-22T16:25:17+02:00,s3_gpu,372,36.9,84,1156,60,39,1664,2177,63,146.03,2460,100,2.15
2026-07-22T16:25:19+02:00,s3_gpu,374,54.2,86,1189,60,39,1650,2180,63,145.67,2445,100,2.15
2026-07-22T16:25:21+02:00,s3_gpu,376,47.8,84,1173,60,39,1646,2523,63,145.20,2490,100,2.22
2026-07-22T16:25:23+02:00,s3_gpu,378,39.3,84,1185,60,39,1660,2468,63,146.02,2460,100,2.22
2026-07-22T16:25:25+02:00,s3_gpu,380,39.6,84,1172,60,39,1642,2372,63,146.12,2490,100,2.28
2026-07-22T16:25:27+02:00,s3_gpu,382,39.9,84,1182,60,39,1650,2246,63,145.65,2475,100,2.28
2026-07-22T16:25:30+02:00,s3_gpu,384,38.8,89,1181,60,39,1642,2307,63,145.82,2490,100,2.28
2026-07-22T16:25:32+02:00,s3_gpu,387,52.5,86,1199,60,39,1660,2376,63,146.33,2490,100,2.18
2026-07-22T16:25:34+02:00,s3_gpu,389,56.3,86,1135,60,39,1646,2368,63,146.02,2460,100,2.18
2026-07-22T16:25:36+02:00,s3_gpu,391,42.6,82,1197,60,39,1670,2347,63,145.81,2490,100,2.08
2026-07-22T16:25:38+02:00,s3_gpu,393,40.5,85,1176,60,39,1644,2343,62,145.42,2460,100,2.08
2026-07-22T16:25:40+02:00,s3_gpu,395,42.2,85,1143,60,39,1650,2268,63,145.56,2490,100,2.16
2026-07-22T16:25:42+02:00,s3_gpu,397,44.3,85,1196,60,39,1666,2445,63,145.53,2475,100,2.16
2026-07-22T16:25:45+02:00,s3_gpu,399,44.7,85,1177,60,39,1652,2551,63,145.68,2475,100,2.16
2026-07-22T16:25:47+02:00,s3_gpu,402,43.0,84,1155,60,39,1662,2532,62,145.21,2460,100,2.22
2026-07-22T16:25:49+02:00,s3_gpu,404,52.5,86,1185,60,39,1650,2509,63,145.82,2490,100,2.22
2026-07-22T16:25:51+02:00,s3_gpu,406,44.8,85,1165,60,39,1664,2445,62,145.21,2460,100,2.21
2026-07-22T16:25:53+02:00,s3_gpu,408,39.1,85,1191,60,39,1652,2537,62,145.61,2490,100,2.21
2026-07-22T16:25:55+02:00,s3_gpu,410,37.4,82,1166,60,39,1662,2280,63,145.93,2475,100,2.11
2026-07-22T16:25:57+02:00,s3_gpu,412,37.0,84,1148,60,39,1646,2216,62,145.68,2460,100,2.11
2026-07-22T16:26:00+02:00,s3_gpu,414,37.5,85,1191,60,39,1668,2209,63,146.62,2475,100,2.11
2026-07-22T16:26:02+02:00,s3_gpu,417,48.7,85,1180,60,39,1648,2250,63,146.01,2460,100,2.10
2026-07-22T16:26:04+02:00,s3_gpu,419,43.8,85,1198,60,39,1664,2532,63,145.41,2490,100,2.10
2026-07-22T16:26:06+02:00,s3_gpu,421,40.8,85,1149,60,39,1646,2504,63,145.61,2460,100,2.17
2026-07-22T16:26:08+02:00,s3_gpu,423,39.9,85,1175,60,39,1672,2364,63,145.74,2475,100,2.17
2026-07-22T16:26:10+02:00,s3_gpu,425,40.8,82,1194,60,39,1646,2315,63,146.09,2460,100,2.16
2026-07-22T16:26:12+02:00,s3_gpu,427,36.8,81,1189,60,39,1660,2288,63,145.97,2475,100,2.16
2026-07-22T16:26:15+02:00,s3_gpu,429,36.8,84,1167,60,39,1646,2209,63,145.89,2475,100,2.16
2026-07-22T16:26:17+02:00,s3_gpu,432,39.0,84,1125,60,39,1668,2246,63,145.81,2475,100,2.07
2026-07-22T16:26:19+02:00,s3_gpu,434,42.2,86,1200,60,39,1652,2265,63,145.55,2475,100,2.07
2026-07-22T16:26:21+02:00,s3_gpu,436,55.0,86,1131,60,39,1662,2406,63,145.65,2490,100,2.22
2026-07-22T16:26:23+02:00,s3_gpu,438,40.8,85,1172,60,39,1646,2581,63,145.61,2460,100,2.22
2026-07-22T16:26:25+02:00,s3_gpu,440,43.8,85,1178,60,39,1650,2389,63,145.12,2490,100,2.20
2026-07-22T16:26:27+02:00,s3_gpu,442,39.6,86,1189,60,39,1664,2509,63,145.23,2460,100,2.20
2026-07-22T16:26:29+02:00,s3_gpu,444,44.2,86,1184,60,39,1644,2385,63,146.29,2460,100,2.20
2026-07-22T16:26:32+02:00,s3_gpu,446,55.0,85,1200,60,39,1666,2450,63,145.63,2475,100,2.35
2026-07-22T16:26:34+02:00,s3_gpu,449,52.6,88,1198,61,39,1650,2591,63,145.39,2475,100,2.35
2026-07-22T16:26:36+02:00,s3_gpu,451,42.7,82,1152,61,39,1660,2586,63,146.19,2475,100,2.32
2026-07-22T16:26:38+02:00,s3_gpu,453,37.9,85,1162,61,39,1642,2415,63,146.59,2475,100,2.32
2026-07-22T16:26:40+02:00,s3_gpu,455,37.0,80,931,61,39,1672,2292,63,145.00,2490,100,2.29
2026-07-22T16:26:42+02:00,s3_gpu,457,35.5,82,1188,61,39,1652,2166,63,146.62,2475,100,2.29
2026-07-22T16:26:45+02:00,s3_gpu,459,35.9,84,1172,61,39,1642,2122,63,145.26,2460,100,2.29
2026-07-22T16:26:47+02:00,s3_gpu,462,36.1,84,1147,61,39,1660,2177,62,145.42,2490,100,2.19
2026-07-22T16:26:49+02:00,s3_gpu,464,39.2,84,1155,61,39,1644,2195,63,145.30,2475,100,2.19
2026-07-22T16:26:51+02:00,s3_gpu,466,49.3,90,1191,61,39,1672,2423,63,145.44,2490,100,2.17
2026-07-22T16:26:53+02:00,s3_gpu,468,37.3,84,1185,61,39,1646,2518,63,145.70,2460,100,2.17
2026-07-22T16:26:55+02:00,s3_gpu,470,36.4,84,1184,61,39,1660,2376,63,145.60,2475,100,2.08
2026-07-22T16:26:57+02:00,s3_gpu,472,36.5,85,1177,61,39,1644,2288,63,145.80,2490,100,2.08
2026-07-22T16:27:00+02:00,s3_gpu,474,37.5,84,1198,61,39,1666,2339,63,145.77,2460,100,2.08
2026-07-22T16:27:02+02:00,s3_gpu,477,43.7,85,1178,61,39,1648,2184,63,145.58,2475,100,1.99
2026-07-22T16:27:04+02:00,s3_gpu,479,36.8,84,1155,61,39,1664,2139,62,145.25,2460,100,1.99
2026-07-22T16:27:09+02:00,cooldown_after_s3_gpu,2,9.3,69,770,61,39,1532,1824,50,13.79,210,0,2.23
2026-07-22T16:27:12+02:00,cooldown_after_s3_gpu,4,9.3,68,733,60,39,1539,1776,49,8.89,210,0,2.05
2026-07-22T16:27:14+02:00,cooldown_after_s3_gpu,7,8.8,63,750,60,39,1537,1795,48,8.90,210,0,2.05
2026-07-22T16:27:16+02:00,cooldown_after_s3_gpu,9,9.2,62,725,60,39,1534,1875,48,8.86,210,0,1.89
2026-07-22T16:27:18+02:00,cooldown_after_s3_gpu,11,9.5,61,769,60,40,1537,1875,47,8.77,210,0,1.89
2026-07-22T16:27:21+02:00,cooldown_after_s3_gpu,13,14.4,62,738,60,40,1584,2102,47,8.74,210,0,1.74
2026-07-22T16:27:23+02:00,cooldown_after_s3_gpu,16,23.6,63,712,60,40,1555,2008,46,8.81,210,0,1.74
2026-07-22T16:27:25+02:00,cooldown_after_s3_gpu,18,10.3,61,789,60,40,1553,1882,46,8.79,210,0,1.68
2026-07-22T16:27:28+02:00,cooldown_after_s3_gpu,20,8.5,61,759,60,40,1532,1829,45,8.84,210,0,1.68
2026-07-22T16:27:30+02:00,cooldown_after_s3_gpu,23,10.4,84,1200,59,40,1532,1862,45,8.81,210,0,1.68
2026-07-22T16:27:32+02:00,cooldown_after_s3_gpu,25,13.8,60,823,59,40,1544,1917,45,8.89,210,0,1.54
2026-07-22T16:27:34+02:00,cooldown_after_s3_gpu,27,18.7,62,1095,59,40,1537,1890,44,8.75,210,0,1.54
2026-07-22T16:27:36+02:00,cooldown_after_s3_gpu,29,18.5,61,920,59,40,1573,1985,44,8.84,210,0,1.58
2026-07-22T16:27:39+02:00,cooldown_after_s3_gpu,31,9.5,60,750,59,40,1527,1875,44,8.78,210,0,1.58
2026-07-22T16:27:41+02:00,cooldown_after_s3_gpu,34,9.0,60,748,59,40,1516,1882,43,8.85,210,0,1.45
2026-07-22T16:27:43+02:00,cooldown_after_s3_gpu,36,8.4,59,737,59,40,1513,1841,43,8.89,210,0,1.45
2026-07-22T16:27:45+02:00,cooldown_after_s3_gpu,38,8.5,59,778,59,40,1520,1885,43,8.92,210,0,1.58
2026-07-22T16:27:48+02:00,cooldown_after_s3_gpu,41,8.3,73,953,59,40,1505,1856,42,8.70,210,0,1.58
2026-07-22T16:27:50+02:00,cooldown_after_s3_gpu,43,11.0,59,752,59,40,1535,1909,42,8.79,210,0,1.58
2026-07-22T16:27:52+02:00,cooldown_after_s3_gpu,45,9.1,59,748,58,40,1544,1867,42,8.79,210,0,1.45
2026-07-22T16:27:55+02:00,cooldown_after_s3_gpu,47,22.7,59,778,58,40,1588,2017,42,8.82,210,0,1.45
2026-07-22T16:27:57+02:00,cooldown_after_s3_gpu,50,8.6,58,770,58,40,1542,1959,41,8.82,210,0,1.33
2026-07-22T16:27:59+02:00,cooldown_after_s3_gpu,52,8.2,58,882,58,40,1534,1867,41,8.86,210,0,1.33
2026-07-22T16:28:01+02:00,cooldown_after_s3_gpu,54,18.4,58,767,58,40,1562,1909,41,8.93,210,0,1.23
2026-07-22T16:28:04+02:00,cooldown_after_s3_gpu,56,8.4,69,797,58,40,1521,1872,41,8.84,210,0,1.23
2026-07-22T16:28:06+02:00,cooldown_after_s3_gpu,59,8.7,70,739,58,40,1516,1849,41,8.83,210,0,1.13
2026-07-22T16:28:08+02:00,cooldown_after_s3_gpu,61,9.3,58,791,58,40,1516,1831,40,8.81,210,0,1.13
2026-07-22T16:28:10+02:00,cooldown_after_s3_gpu,63,8.6,57,1136,58,40,1530,1821,40,8.82,210,0,1.12
2026-07-22T16:28:13+02:00,cooldown_after_s3_gpu,65,9.2,57,789,58,40,1505,1841,40,8.80,210,0,1.12
2026-07-22T16:28:15+02:00,cooldown_after_s3_gpu,68,8.6,57,751,57,40,1511,1854,40,8.86,210,0,1.12
2026-07-22T16:28:17+02:00,cooldown_after_s3_gpu,70,8.7,71,865,57,40,1528,1807,40,8.77,210,0,1.03
2026-07-22T16:28:19+02:00,cooldown_after_s3_gpu,72,11.1,61,871,57,40,1532,1809,40,8.86,210,0,1.03
2026-07-22T16:28:22+02:00,cooldown_after_s3_gpu,74,8.9,57,756,57,40,1532,1831,39,8.86,210,0,1.67
2026-07-22T16:28:24+02:00,cooldown_after_s3_gpu,77,10.0,76,1197,57,40,1528,1804,39,8.87,210,0,1.67
2026-07-22T16:28:26+02:00,cooldown_after_s3_gpu,79,23.1,57,782,57,40,1532,1890,39,8.86,210,0,1.69
2026-07-22T16:28:28+02:00,cooldown_after_s3_gpu,81,8.5,57,749,57,40,1506,1839,39,8.82,210,0,1.69
2026-07-22T16:28:31+02:00,cooldown_after_s3_gpu,83,17.1,57,799,57,40,1532,1795,39,8.83,210,0,1.88
2026-07-22T16:28:33+02:00,cooldown_after_s3_gpu,86,12.3,56,1002,57,40,1555,1882,39,8.84,210,0,1.88
2026-07-22T16:28:35+02:00,cooldown_after_s3_gpu,88,16.7,58,1011,57,40,1530,1841,39,8.85,210,0,1.97
2026-07-22T16:28:37+02:00,cooldown_after_s3_gpu,90,17.2,56,1192,57,40,1546,1896,38,8.87,210,0,1.97
2026-07-22T16:28:40+02:00,cooldown_after_s3_gpu,92,8.9,56,1149,57,40,1539,1846,38,8.95,210,0,1.97
2026-07-22T16:28:42+02:00,cooldown_after_s3_gpu,95,12.1,56,925,57,40,1535,1834,38,8.97,210,0,1.81
2026-07-22T16:28:44+02:00,cooldown_after_s3_gpu,97,13.2,76,1197,56,40,1532,1839,38,8.97,210,0,1.81
2026-07-22T16:28:46+02:00,cooldown_after_s3_gpu,99,15.1,55,811,56,40,1539,1854,38,8.96,210,0,1.67
2026-07-22T16:28:48+02:00,cooldown_after_s3_gpu,101,9.1,56,770,56,40,1511,1804,38,8.91,210,0,1.67
2026-07-22T16:28:51+02:00,cooldown_after_s3_gpu,103,12.2,56,723,56,40,1516,1816,38,8.91,210,0,1.53
2026-07-22T16:28:53+02:00,cooldown_after_s3_gpu,106,8.8,56,775,56,40,1500,1788,38,8.90,210,0,1.53
2026-07-22T16:28:55+02:00,cooldown_after_s3_gpu,108,13.0,74,1195,56,40,1516,1800,38,8.81,210,0,1.49
2026-07-22T16:28:57+02:00,cooldown_after_s3_gpu,110,18.6,56,724,56,40,1582,1956,38,8.85,210,0,1.49
2026-07-22T16:29:00+02:00,cooldown_after_s3_gpu,112,8.8,66,1194,56,40,1537,1862,37,8.94,210,0,1.49
2026-07-22T16:29:02+02:00,cooldown_after_s3_gpu,115,18.1,56,758,56,40,1525,1901,37,8.89,210,0,1.53
2026-07-22T16:29:04+02:00,cooldown_after_s3_gpu,117,8.6,56,758,56,40,1520,1802,37,8.84,210,0,1.53
2026-07-22T16:29:06+02:00,cooldown_after_s3_gpu,119,8.5,54,764,56,40,1523,1792,37,8.91,210,0,1.41
2026-07-22T16:29:11+02:00,s4_cpu_gpu,2,58.0,65,1199,56,40,1532,1893,50,146.24,2520,100,3.30
2026-07-22T16:29:13+02:00,s4_cpu_gpu,4,58.3,65,1199,56,40,1541,1965,51,146.22,2490,100,3.30
2026-07-22T16:29:16+02:00,s4_cpu_gpu,6,57.8,65,1199,56,40,1530,1923,51,145.69,2475,100,5.04
2026-07-22T16:29:18+02:00,s4_cpu_gpu,9,51.8,63,1199,56,40,1532,1928,52,146.22,2490,100,5.04
2026-07-22T16:29:20+02:00,s4_cpu_gpu,11,49.8,63,1199,57,40,1548,1809,53,146.09,2505,100,5.04
2026-07-22T16:29:22+02:00,s4_cpu_gpu,13,50.3,64,1199,57,40,1530,1812,53,145.82,2490,100,6.87
2026-07-22T16:29:25+02:00,s4_cpu_gpu,15,49.8,65,1199,57,40,1555,1831,54,146.09,2520,100,6.87
2026-07-22T16:29:27+02:00,s4_cpu_gpu,18,50.1,65,1199,57,40,1530,1849,53,146.44,2490,100,8.33
2026-07-22T16:29:29+02:00,s4_cpu_gpu,20,50.2,65,1199,57,40,1553,1839,54,146.80,2475,100,8.33
2026-07-22T16:29:31+02:00,s4_cpu_gpu,22,50.0,65,1199,57,40,1537,1849,55,146.06,2490,100,10.30
2026-07-22T16:29:34+02:00,s4_cpu_gpu,24,49.8,65,1199,57,40,1523,1854,55,146.02,2490,100,10.30
2026-07-22T16:29:36+02:00,s4_cpu_gpu,27,50.2,65,1199,57,40,1511,1816,55,146.51,2475,100,11.48
2026-07-22T16:29:38+02:00,s4_cpu_gpu,29,50.0,66,1199,57,40,1537,1841,56,145.37,2505,100,11.48
2026-07-22T16:29:40+02:00,s4_cpu_gpu,31,50.0,66,1199,58,40,1539,1877,56,145.91,2505,100,12.56
2026-07-22T16:29:42+02:00,s4_cpu_gpu,33,50.0,66,1199,58,40,1541,1877,56,145.36,2460,100,12.56
2026-07-22T16:29:45+02:00,s4_cpu_gpu,35,49.8,66,1199,58,40,1535,1846,56,145.78,2520,100,12.56
2026-07-22T16:29:47+02:00,s4_cpu_gpu,38,50.2,66,1199,58,40,1537,1880,57,146.35,2505,100,13.64
2026-07-22T16:29:49+02:00,s4_cpu_gpu,40,49.9,67,1199,58,40,1537,1885,57,146.11,2490,100,13.64
2026-07-22T16:29:52+02:00,s4_cpu_gpu,42,50.2,67,1200,58,40,1530,1885,57,145.30,2475,100,14.55
2026-07-22T16:29:54+02:00,s4_cpu_gpu,45,49.8,67,1199,58,40,1555,1888,57,145.93,2505,100,14.55
2026-07-22T16:29:56+02:00,s4_cpu_gpu,47,50.1,67,1199,58,40,1532,1888,58,145.84,2475,100,15.39
2026-07-22T16:29:58+02:00,s4_cpu_gpu,49,49.8,67,1199,58,40,1542,1851,58,145.68,2475,100,15.39
2026-07-22T16:30:00+02:00,s4_cpu_gpu,51,50.2,67,1199,59,40,1544,1882,58,146.19,2505,100,16.64
2026-07-22T16:30:03+02:00,s4_cpu_gpu,53,50.0,67,1199,59,40,1544,1898,58,145.57,2490,100,16.64
2026-07-22T16:30:05+02:00,s4_cpu_gpu,56,49.9,69,1199,59,40,1548,1869,58,146.47,2460,100,16.64
2026-07-22T16:30:07+02:00,s4_cpu_gpu,58,49.9,69,1199,59,40,1542,1904,59,145.21,2505,100,17.63
2026-07-22T16:30:10+02:00,s4_cpu_gpu,60,50.0,69,1199,59,40,1535,1904,59,145.34,2475,100,17.63
2026-07-22T16:30:12+02:00,s4_cpu_gpu,63,50.0,69,1199,59,40,1544,1901,59,144.92,2475,100,18.22
2026-07-22T16:30:14+02:00,s4_cpu_gpu,65,50.1,69,1199,59,40,1528,1872,59,145.62,2475,100,18.22
2026-07-22T16:30:16+02:00,s4_cpu_gpu,67,50.1,69,1200,59,40,1551,1914,59,146.40,2460,100,18.76
2026-07-22T16:30:19+02:00,s4_cpu_gpu,69,50.0,69,1199,59,40,1544,1912,59,146.14,2475,100,18.76
2026-07-22T16:30:21+02:00,s4_cpu_gpu,72,49.7,70,1199,59,40,1534,1864,60,145.13,2490,100,19.50
2026-07-22T16:30:24+02:00,s4_cpu_gpu,74,50.3,69,1199,60,40,1532,1917,60,145.49,2490,100,19.50
2026-07-22T16:30:26+02:00,s4_cpu_gpu,77,50.0,70,1199,60,40,1532,1925,60,145.73,2505,100,20.10
2026-07-22T16:30:28+02:00,s4_cpu_gpu,79,50.0,69,1199,60,40,1548,1928,60,146.34,2460,100,20.10
2026-07-22T16:30:30+02:00,s4_cpu_gpu,81,50.1,70,1199,60,40,1551,1912,60,146.08,2475,100,20.89
2026-07-22T16:30:33+02:00,s4_cpu_gpu,83,49.9,70,1199,60,40,1532,1898,60,145.71,2475,100,20.89
2026-07-22T16:30:35+02:00,s4_cpu_gpu,86,50.0,70,1199,60,40,1544,1888,60,145.53,2460,100,20.89
2026-07-22T16:30:37+02:00,s4_cpu_gpu,88,49.9,70,1199,60,40,1528,1923,61,145.67,2460,100,22.35
2026-07-22T16:30:40+02:00,s4_cpu_gpu,90,50.1,70,1199,60,40,1542,1898,60,145.62,2475,100,22.35
2026-07-22T16:30:42+02:00,s4_cpu_gpu,93,50.1,71,1199,60,40,1542,1882,61,144.93,2475,100,22.72
2026-07-22T16:30:44+02:00,s4_cpu_gpu,95,49.8,71,1199,60,40,1546,1896,61,145.19,2460,100,22.72
2026-07-22T16:30:46+02:00,s4_cpu_gpu,97,50.2,71,1199,60,40,1537,1890,61,145.64,2460,100,23.06
2026-07-22T16:30:49+02:00,s4_cpu_gpu,99,50.0,71,1199,61,40,1537,1896,61,145.53,2460,100,23.06
2026-07-22T16:30:51+02:00,s4_cpu_gpu,102,49.9,71,1199,61,40,1558,1928,61,144.93,2490,100,23.46
2026-07-22T16:30:53+02:00,s4_cpu_gpu,104,49.9,71,1199,61,40,1564,1914,61,145.17,2460,100,23.46
2026-07-22T16:30:55+02:00,s4_cpu_gpu,106,50.2,71,1200,61,40,1537,1914,61,145.65,2475,100,23.58
2026-07-22T16:30:58+02:00,s4_cpu_gpu,108,50.0,71,1199,61,40,1562,1953,61,145.46,2475,100,23.58
2026-07-22T16:31:00+02:00,s4_cpu_gpu,111,50.0,71,1199,61,40,1537,1920,61,145.60,2460,100,23.58
2026-07-22T16:31:02+02:00,s4_cpu_gpu,113,49.8,72,1199,61,40,1553,1923,61,145.35,2445,100,23.69
2026-07-22T16:31:04+02:00,s4_cpu_gpu,115,50.1,72,1199,61,40,1537,1962,62,145.57,2475,100,23.69
2026-07-22T16:31:07+02:00,s4_cpu_gpu,117,50.1,73,1199,61,40,1535,1967,62,144.73,2475,100,24.52
2026-07-22T16:31:09+02:00,s4_cpu_gpu,120,50.0,72,1199,61,40,1560,1967,62,144.47,2460,100,24.52
2026-07-22T16:31:11+02:00,s4_cpu_gpu,122,50.1,72,1199,61,40,1535,1967,62,145.55,2490,100,24.56
2026-07-22T16:31:13+02:00,s4_cpu_gpu,124,49.8,73,1199,62,40,1535,1934,62,146.04,2505,100,24.56
2026-07-22T16:31:16+02:00,s4_cpu_gpu,126,50.2,73,1199,62,40,1544,1979,62,145.52,2490,100,24.59
2026-07-22T16:31:18+02:00,s4_cpu_gpu,129,50.0,73,1199,62,40,1528,1948,62,145.28,2460,100,24.59
2026-07-22T16:31:20+02:00,s4_cpu_gpu,131,49.9,73,1199,62,40,1560,1982,62,145.57,2490,100,24.87
2026-07-22T16:31:22+02:00,s4_cpu_gpu,133,50.0,73,1199,62,40,1539,1934,62,145.01,2475,100,24.87
2026-07-22T16:31:25+02:00,s4_cpu_gpu,135,49.9,73,1199,62,40,1555,1945,62,145.45,2505,100,24.87
2026-07-22T16:31:27+02:00,s4_cpu_gpu,138,50.2,73,1199,62,40,1564,1948,62,145.98,2475,100,24.96
2026-07-22T16:31:29+02:00,s4_cpu_gpu,140,49.8,73,1199,62,40,1548,1950,62,145.95,2490,100,24.96
2026-07-22T16:31:32+02:00,s4_cpu_gpu,142,50.1,74,1199,62,40,1564,1973,62,145.63,2475,100,25.20
2026-07-22T16:31:34+02:00,s4_cpu_gpu,145,49.9,74,1199,62,40,1535,1970,62,144.81,2475,100,25.20
2026-07-22T16:31:36+02:00,s4_cpu_gpu,147,50.0,74,1199,62,40,1551,1994,63,146.16,2475,100,25.75
2026-07-22T16:31:39+02:00,s4_cpu_gpu,149,49.8,74,1199,62,40,1544,1950,63,146.17,2490,100,25.75
2026-07-22T16:31:41+02:00,s4_cpu_gpu,152,50.2,74,1199,63,40,1534,1988,62,145.39,2475,100,25.93
2026-07-22T16:31:43+02:00,s4_cpu_gpu,154,49.9,74,1199,63,40,1535,2000,62,145.98,2490,100,25.93
2026-07-22T16:31:46+02:00,s4_cpu_gpu,156,50.0,74,1200,63,40,1557,1994,62,145.62,2475,100,25.85
2026-07-22T16:31:48+02:00,s4_cpu_gpu,159,50.2,74,1199,63,40,1548,1970,63,144.96,2490,100,25.85
2026-07-22T16:31:50+02:00,s4_cpu_gpu,161,49.9,76,1199,63,40,1551,1991,63,145.24,2490,100,25.86
2026-07-22T16:31:53+02:00,s4_cpu_gpu,163,49.9,74,1199,63,40,1571,2008,63,145.09,2475,100,25.86
2026-07-22T16:31:55+02:00,s4_cpu_gpu,166,50.0,74,1199,63,40,1548,2008,62,145.25,2475,100,25.86
2026-07-22T16:31:57+02:00,s4_cpu_gpu,168,50.1,74,1199,63,40,1537,1976,63,145.10,2490,100,26.12
2026-07-22T16:32:00+02:00,s4_cpu_gpu,170,49.9,74,1199,63,40,1532,1970,63,145.57,2490,100,26.12
2026-07-22T16:32:02+02:00,s4_cpu_gpu,173,50.1,76,1199,63,40,1562,2020,62,145.75,2460,100,26.03
2026-07-22T16:32:04+02:00,s4_cpu_gpu,175,49.9,76,1199,63,40,1567,2020,63,145.36,2460,100,26.03
2026-07-22T16:32:07+02:00,s4_cpu_gpu,177,50.1,77,1199,63,40,1560,2027,62,144.82,2460,100,27.71
2026-07-22T16:32:09+02:00,s4_cpu_gpu,180,49.9,76,1199,63,40,1544,2030,63,144.71,2475,100,27.71
2026-07-22T16:32:11+02:00,s4_cpu_gpu,182,50.1,76,1199,63,40,1577,2039,63,144.58,2460,100,27.49
2026-07-22T16:32:14+02:00,s4_cpu_gpu,184,50.1,76,1199,63,40,1573,2017,63,145.37,2460,100,27.49
2026-07-22T16:32:16+02:00,s4_cpu_gpu,187,50.0,77,1199,64,40,1558,2039,63,145.54,2460,100,27.37
2026-07-22T16:32:18+02:00,s4_cpu_gpu,189,49.8,77,1199,64,40,1566,2045,63,145.12,2490,100,27.37
2026-07-22T16:32:21+02:00,s4_cpu_gpu,191,50.1,76,1199,64,40,1577,2014,63,145.74,2460,100,27.26
2026-07-22T16:32:23+02:00,s4_cpu_gpu,194,50.1,77,1199,64,40,1562,2005,63,144.98,2475,100,27.26
2026-07-22T16:32:25+02:00,s4_cpu_gpu,196,50.1,77,1200,64,40,1549,2020,63,145.36,2490,100,27.26
2026-07-22T16:32:27+02:00,s4_cpu_gpu,198,49.9,77,1199,64,40,1571,2008,63,145.82,2490,100,27.08
2026-07-22T16:32:30+02:00,s4_cpu_gpu,200,50.0,76,1199,64,40,1571,2042,63,145.49,2475,100,27.08
2026-07-22T16:32:32+02:00,s4_cpu_gpu,203,50.0,77,1199,64,40,1573,2051,63,144.49,2475,100,27.23
2026-07-22T16:32:34+02:00,s4_cpu_gpu,205,50.0,77,1199,64,40,1548,2042,63,144.66,2475,100,27.23
2026-07-22T16:32:36+02:00,s4_cpu_gpu,207,50.0,77,1199,64,40,1564,2051,63,145.55,2460,100,29.70
2026-07-22T16:32:39+02:00,s4_cpu_gpu,209,50.1,77,1199,64,40,1564,2005,63,144.98,2490,100,29.70
2026-07-22T16:32:41+02:00,s4_cpu_gpu,212,49.8,76,1199,64,40,1564,2005,63,144.94,2475,100,29.40
2026-07-22T16:32:43+02:00,s4_cpu_gpu,214,50.2,76,1199,64,40,1571,2045,63,145.61,2475,100,29.40
2026-07-22T16:32:46+02:00,s4_cpu_gpu,216,49.9,77,1199,64,40,1566,2042,63,144.40,2475,100,29.13
2026-07-22T16:32:48+02:00,s4_cpu_gpu,219,50.0,77,1199,64,40,1582,2008,63,145.41,2490,100,29.13
2026-07-22T16:32:50+02:00,s4_cpu_gpu,221,50.0,77,1199,65,40,1553,2002,63,144.94,2490,100,29.13
2026-07-22T16:32:52+02:00,s4_cpu_gpu,223,50.2,77,1199,65,40,1571,2042,63,145.20,2460,100,28.96
2026-07-22T16:32:55+02:00,s4_cpu_gpu,225,49.8,77,1199,65,40,1566,2023,63,145.31,2475,100,28.96
2026-07-22T16:32:57+02:00,s4_cpu_gpu,228,50.0,77,1199,65,40,1582,2005,63,145.16,2475,100,28.64
2026-07-22T16:33:00+02:00,s4_cpu_gpu,230,50.2,76,1199,65,40,1591,2061,63,144.49,2475,100,28.64
2026-07-22T16:33:02+02:00,s4_cpu_gpu,233,49.8,77,1199,65,40,1575,2027,63,145.37,2490,100,28.67
2026-07-22T16:33:04+02:00,s4_cpu_gpu,235,50.2,76,1199,65,40,1595,2057,63,145.05,2490,100,28.67
2026-07-22T16:33:07+02:00,s4_cpu_gpu,237,49.8,76,1199,65,40,1567,2057,63,145.01,2490,100,29.82
2026-07-22T16:33:09+02:00,s4_cpu_gpu,240,50.0,77,1199,65,40,1586,2057,63,146.40,2475,100,29.82
2026-07-22T16:33:11+02:00,s4_cpu_gpu,242,50.1,77,1199,65,40,1582,2061,63,145.32,2490,100,29.43
2026-07-22T16:33:14+02:00,s4_cpu_gpu,244,50.1,77,1199,65,40,1569,2057,63,145.58,2460,100,29.43
2026-07-22T16:33:16+02:00,s4_cpu_gpu,247,49.9,77,1199,65,40,1590,2027,63,145.51,2460,100,29.24
2026-07-22T16:33:18+02:00,s4_cpu_gpu,249,50.1,77,1199,65,40,1584,2061,63,145.19,2475,100,29.24
2026-07-22T16:33:21+02:00,s4_cpu_gpu,251,50.0,77,1199,65,40,1573,2061,63,145.11,2475,100,28.90
2026-07-22T16:33:23+02:00,s4_cpu_gpu,254,50.0,77,1199,65,40,1584,2014,63,144.89,2475,100,28.90
2026-07-22T16:33:25+02:00,s4_cpu_gpu,256,49.8,77,1199,65,40,1567,2020,63,145.24,2460,100,28.90
2026-07-22T16:33:28+02:00,s4_cpu_gpu,258,50.0,77,1199,66,40,1584,2064,63,146.01,2475,100,28.82
2026-07-22T16:33:30+02:00,s4_cpu_gpu,261,50.2,78,1199,66,40,1567,2061,63,145.21,2490,100,28.82
2026-07-22T16:33:32+02:00,s4_cpu_gpu,263,50.0,78,1199,66,40,1593,2057,63,144.77,2460,100,28.84
2026-07-22T16:33:35+02:00,s4_cpu_gpu,265,50.2,78,1199,66,40,1605,2045,63,144.93,2460,100,28.84
2026-07-22T16:33:37+02:00,s4_cpu_gpu,268,49.9,78,1199,66,40,1607,2070,63,144.45,2475,100,29.33
2026-07-22T16:33:39+02:00,s4_cpu_gpu,270,50.0,77,1199,66,40,1591,2067,63,145.37,2460,100,29.33
2026-07-22T16:33:42+02:00,s4_cpu_gpu,272,49.9,78,1199,66,40,1603,2073,63,145.58,2475,100,29.15
2026-07-22T16:33:44+02:00,s4_cpu_gpu,275,50.2,77,1199,66,40,1591,2070,63,146.01,2490,100,29.15
2026-07-22T16:33:46+02:00,s4_cpu_gpu,277,49.8,78,1199,66,40,1607,2067,63,144.75,2490,100,29.61
2026-07-22T16:33:49+02:00,s4_cpu_gpu,279,50.2,79,1199,66,40,1607,2033,63,145.52,2475,100,29.61
2026-07-22T16:33:51+02:00,s4_cpu_gpu,282,49.7,77,1199,66,40,1605,2073,63,145.26,2490,100,29.41
2026-07-22T16:33:53+02:00,s4_cpu_gpu,284,50.1,78,1199,66,40,1607,2073,63,144.84,2445,100,29.41
2026-07-22T16:33:56+02:00,s4_cpu_gpu,286,49.9,77,1199,66,40,1603,2048,63,145.97,2460,100,29.13
2026-07-22T16:33:58+02:00,s4_cpu_gpu,289,49.9,78,1199,66,40,1590,2042,63,145.11,2490,100,29.13
2026-07-22T16:34:00+02:00,s4_cpu_gpu,291,50.2,78,1199,66,40,1590,2033,63,145.20,2460,100,29.28
2026-07-22T16:34:03+02:00,s4_cpu_gpu,293,50.2,78,1199,66,40,1588,2080,63,145.34,2505,100,29.28
2026-07-22T16:34:05+02:00,s4_cpu_gpu,296,49.9,78,1199,66,40,1591,2039,63,144.99,2490,100,29.28
2026-07-22T16:34:07+02:00,s4_cpu_gpu,298,50.0,77,1199,66,40,1590,2030,63,145.74,2475,100,29.18
2026-07-22T16:34:10+02:00,s4_cpu_gpu,300,49.9,78,1199,66,40,1590,2073,63,145.42,2475,100,29.18
2026-07-22T16:34:12+02:00,s4_cpu_gpu,303,49.9,78,1199,66,40,1588,2039,63,145.10,2445,100,29.00
2026-07-22T16:34:14+02:00,s4_cpu_gpu,305,50.2,78,1199,66,40,1588,2067,63,145.87,2505,100,29.00
2026-07-22T16:34:17+02:00,s4_cpu_gpu,307,50.0,80,1199,66,40,1590,2073,63,145.36,2490,100,30.37
2026-07-22T16:34:19+02:00,s4_cpu_gpu,310,50.0,79,1199,66,40,1588,2033,63,145.94,2475,100,30.37
2026-07-22T16:34:21+02:00,s4_cpu_gpu,312,49.9,78,1199,66,40,1590,2080,63,145.63,2475,100,30.10
2026-07-22T16:34:23+02:00,s4_cpu_gpu,314,50.0,78,1199,66,40,1590,2076,63,145.42,2445,100,30.10
2026-07-22T16:34:26+02:00,s4_cpu_gpu,316,50.1,78,1199,67,40,1586,2048,63,145.04,2490,100,29.93
2026-07-22T16:34:28+02:00,s4_cpu_gpu,319,49.9,78,1199,67,40,1590,2067,63,145.44,2460,100,29.93
2026-07-22T16:34:30+02:00,s4_cpu_gpu,321,50.0,78,1199,67,40,1590,2033,63,145.37,2475,100,29.93
2026-07-22T16:34:33+02:00,s4_cpu_gpu,323,50.0,78,1199,67,40,1603,2036,63,146.03,2475,99,30.33
2026-07-22T16:34:35+02:00,s4_cpu_gpu,326,50.1,78,1199,67,40,1607,2073,63,145.21,2490,100,30.33
2026-07-22T16:34:37+02:00,s4_cpu_gpu,328,50.0,78,1199,67,40,1593,2080,63,145.27,2490,100,30.31
2026-07-22T16:34:40+02:00,s4_cpu_gpu,330,49.9,78,1199,67,40,1586,2039,63,145.61,2475,100,30.31
2026-07-22T16:34:42+02:00,s4_cpu_gpu,333,50.1,78,1199,67,40,1590,2051,63,145.02,2475,100,30.12
2026-07-22T16:34:44+02:00,s4_cpu_gpu,335,49.9,78,1199,67,40,1588,2073,63,145.50,2460,100,30.12
2026-07-22T16:34:47+02:00,s4_cpu_gpu,337,50.0,79,1199,67,40,1597,2045,63,145.94,2460,100,29.87
2026-07-22T16:34:49+02:00,s4_cpu_gpu,340,50.0,78,1199,67,40,1618,2086,63,145.76,2475,100,29.87
2026-07-22T16:34:51+02:00,s4_cpu_gpu,342,50.0,79,1199,67,40,1607,2086,63,145.00,2490,100,29.72
2026-07-22T16:34:54+02:00,s4_cpu_gpu,344,50.0,80,1199,67,41,1610,2064,64,145.54,2490,100,29.72
2026-07-22T16:34:56+02:00,s4_cpu_gpu,347,50.0,79,1199,67,41,1624,2067,63,145.68,2445,100,29.42
2026-07-22T16:34:58+02:00,s4_cpu_gpu,349,49.9,80,1199,67,41,1607,2045,63,145.98,2475,100,29.42
2026-07-22T16:35:01+02:00,s4_cpu_gpu,351,50.3,79,1199,67,41,1628,2054,63,145.10,2460,100,29.23
2026-07-22T16:35:03+02:00,s4_cpu_gpu,354,49.9,79,1199,67,41,1630,2045,63,145.25,2460,100,29.23
2026-07-22T16:35:05+02:00,s4_cpu_gpu,356,50.1,80,1199,67,41,1624,2042,63,145.53,2490,100,29.23
2026-07-22T16:35:08+02:00,s4_cpu_gpu,358,50.0,79,1199,67,41,1624,2061,63,145.20,2475,100,29.61
2026-07-22T16:35:10+02:00,s4_cpu_gpu,361,49.8,79,1199,67,41,1610,2070,63,145.43,2445,100,29.61
2026-07-22T16:35:12+02:00,s4_cpu_gpu,363,50.1,80,1199,67,41,1605,2064,63,145.77,2460,100,29.48
2026-07-22T16:35:15+02:00,s4_cpu_gpu,365,49.9,79,1200,67,41,1626,2045,63,144.90,2475,100,29.48
2026-07-22T16:35:17+02:00,s4_cpu_gpu,368,50.2,79,1199,67,41,1607,2086,63,145.71,2460,100,29.28
2026-07-22T16:35:19+02:00,s4_cpu_gpu,370,49.9,80,1199,67,41,1607,2083,63,145.18,2490,100,29.28
2026-07-22T16:35:22+02:00,s4_cpu_gpu,372,49.9,80,1199,67,41,1609,2089,63,145.97,2445,100,28.94
2026-07-22T16:35:24+02:00,s4_cpu_gpu,375,50.0,79,1199,67,41,1630,2086,63,145.99,2490,100,28.94
2026-07-22T16:35:26+02:00,s4_cpu_gpu,377,50.0,80,1199,67,41,1607,2093,63,144.83,2475,100,29.26
2026-07-22T16:35:29+02:00,s4_cpu_gpu,379,49.9,80,1199,67,41,1610,2096,63,144.99,2475,100,29.26
2026-07-22T16:35:31+02:00,s4_cpu_gpu,382,50.1,79,1199,67,41,1630,2054,63,145.37,2475,100,29.00
2026-07-22T16:35:33+02:00,s4_cpu_gpu,384,50.0,80,1199,67,41,1610,2061,63,145.37,2475,100,29.00
2026-07-22T16:35:35+02:00,s4_cpu_gpu,386,50.0,79,1199,68,41,1609,2086,63,145.57,2460,100,28.84
2026-07-22T16:35:38+02:00,s4_cpu_gpu,388,49.8,80,1199,68,41,1626,2099,63,144.32,2460,100,28.84
2026-07-22T16:35:40+02:00,s4_cpu_gpu,391,50.2,79,1199,68,41,1609,2067,63,145.70,2460,100,28.84
2026-07-22T16:35:43+02:00,s4_cpu_gpu,393,49.7,79,1199,68,41,1607,2048,63,145.47,2490,100,28.77
2026-07-22T16:35:45+02:00,s4_cpu_gpu,396,50.2,80,1200,68,41,1622,2045,63,145.10,2475,100,28.77
2026-07-22T16:35:47+02:00,s4_cpu_gpu,398,50.0,79,1200,68,41,1630,2051,63,145.57,2490,100,28.63
2026-07-22T16:35:50+02:00,s4_cpu_gpu,400,50.0,81,1199,68,41,1609,2086,63,145.64,2490,100,28.63
2026-07-22T16:35:52+02:00,s4_cpu_gpu,403,49.9,80,1199,68,41,1607,2089,63,145.13,2490,100,28.34
2026-07-22T16:35:54+02:00,s4_cpu_gpu,405,50.0,80,1199,68,41,1624,2086,63,145.59,2460,100,28.34
2026-07-22T16:35:57+02:00,s4_cpu_gpu,407,50.0,80,1199,68,41,1624,2086,63,145.20,2475,100,28.07
2026-07-22T16:35:59+02:00,s4_cpu_gpu,410,50.1,80,1199,68,41,1636,2061,63,145.06,2475,100,28.07
2026-07-22T16:36:01+02:00,s4_cpu_gpu,412,50.1,81,1199,68,41,1624,2051,63,146.06,2490,100,28.31
2026-07-22T16:36:03+02:00,s4_cpu_gpu,414,49.8,80,1199,68,41,1628,2112,63,145.35,2460,100,28.31
2026-07-22T16:36:06+02:00,s4_cpu_gpu,416,50.0,80,1199,68,41,1640,2119,63,145.90,2460,100,28.28
2026-07-22T16:36:08+02:00,s4_cpu_gpu,419,50.1,80,1199,68,41,1650,2129,63,146.51,2475,100,28.28
2026-07-22T16:36:10+02:00,s4_cpu_gpu,421,49.8,80,1199,68,41,1630,2057,63,145.02,2445,100,28.28
2026-07-22T16:36:13+02:00,s4_cpu_gpu,423,50.1,81,1199,68,41,1624,2109,63,145.35,2490,100,28.10
2026-07-22T16:36:15+02:00,s4_cpu_gpu,426,50.1,80,1199,68,41,1624,2070,63,145.84,2445,100,28.10
2026-07-22T16:36:18+02:00,s4_cpu_gpu,428,49.9,81,1199,68,41,1642,2112,63,144.51,2490,100,27.93
2026-07-22T16:36:20+02:00,s4_cpu_gpu,431,50.1,80,1199,68,41,1648,2086,63,145.16,2475,100,27.93
2026-07-22T16:36:22+02:00,s4_cpu_gpu,433,49.9,80,1199,68,41,1642,2115,63,145.82,2490,100,27.70
2026-07-22T16:36:24+02:00,s4_cpu_gpu,435,50.0,80,1199,68,41,1652,2119,63,144.87,2475,100,27.70
2026-07-22T16:36:27+02:00,s4_cpu_gpu,437,50.0,80,1199,68,41,1648,2119,63,144.93,2475,100,27.56
2026-07-22T16:36:29+02:00,s4_cpu_gpu,440,49.9,80,1199,68,41,1648,2089,63,145.79,2475,100,27.56
2026-07-22T16:36:31+02:00,s4_cpu_gpu,442,50.1,80,1199,68,41,1626,2096,63,145.40,2445,100,27.92
2026-07-22T16:36:34+02:00,s4_cpu_gpu,444,50.1,81,1199,68,41,1624,2106,63,144.79,2490,100,27.92
2026-07-22T16:36:36+02:00,s4_cpu_gpu,447,50.0,80,1199,68,41,1626,2070,63,145.88,2490,100,28.16
2026-07-22T16:36:39+02:00,s4_cpu_gpu,449,50.0,81,1199,68,41,1642,2076,63,145.25,2490,100,28.16
2026-07-22T16:36:41+02:00,s4_cpu_gpu,452,49.8,80,1200,68,41,1648,2115,63,145.55,2460,100,28.31
2026-07-22T16:36:43+02:00,s4_cpu_gpu,454,50.1,80,1199,68,41,1648,2119,63,145.85,2460,100,28.31
2026-07-22T16:36:45+02:00,s4_cpu_gpu,456,49.9,80,1199,68,41,1644,2122,63,146.04,2490,100,28.13
2026-07-22T16:36:48+02:00,s4_cpu_gpu,459,49.9,80,1199,68,41,1626,2112,63,144.74,2490,100,28.13
2026-07-22T16:36:50+02:00,s4_cpu_gpu,461,50.0,81,1199,68,41,1644,2096,63,145.53,2490,100,28.13
2026-07-22T16:36:53+02:00,s4_cpu_gpu,463,50.0,80,1199,68,41,1626,2125,63,145.55,2475,100,28.44
2026-07-22T16:36:55+02:00,s4_cpu_gpu,466,50.0,80,1199,68,41,1628,2076,63,145.40,2475,100,28.44
2026-07-22T16:36:57+02:00,s4_cpu_gpu,468,50.0,81,1199,68,41,1628,2112,63,145.19,2475,100,28.16
2026-07-22T16:37:00+02:00,s4_cpu_gpu,470,49.9,81,1199,68,41,1630,2086,63,145.85,2490,100,28.16
2026-07-22T16:37:02+02:00,s4_cpu_gpu,473,50.2,80,1199,68,41,1652,2115,63,144.23,2490,100,28.39
2026-07-22T16:37:05+02:00,s4_cpu_gpu,475,50.0,80,1199,69,41,1644,2096,63,145.00,2475,100,28.39
2026-07-22T16:37:07+02:00,s4_cpu_gpu,478,50.0,79,1199,69,41,1642,2112,63,145.51,2475,100,28.44
2026-07-22T16:37:13+02:00,cooldown_after_s4_cpu_gpu,2,21.5,71,731,69,41,1646,2139,50,14.35,285,0,26.40
2026-07-22T16:37:15+02:00,cooldown_after_s4_cpu_gpu,5,13.9,71,732,68,41,1607,2017,49,9.52,210,0,26.40
2026-07-22T16:37:17+02:00,cooldown_after_s4_cpu_gpu,7,13.9,71,695,68,41,1590,1976,49,8.94,210,0,24.53
2026-07-22T16:37:19+02:00,cooldown_after_s4_cpu_gpu,9,27.2,96,1197,68,41,1599,2011,48,8.93,210,0,24.53
